 ,chunk,ID,X (pixels),Y (pixels),Radius (pixels),Score,nCircles,Resolution,Frame (slice #),Method
1,Berkeley_Hydroflattened_OCMDEM_11_15_1001,0,0,0,0,0.000,0,0,0,0
2,0,1,232,778,7,0.850,473,233,1,Full
3,0,2,1847,608,8,0.824,473,233,1,Full
4,0,3,1681,1573,8,0.794,473,233,1,Full
5,0,4,68,1770,9,0.730,473,233,1,Full
6,0,5,928,667,9,0.708,473,233,1,Full
7,0,6,1180,1055,6,0.661,473,233,1,Full
8,0,7,1227,350,10,0.652,473,233,1,Full
9,0,8,956,1528,8,0.652,473,233,1,Full
10,0,9,675,915,6,0.648,473,233,1,Full
11,0,10,383,842,9,0.648,473,233,1,Full
12,0,11,1603,856,7,0.639,473,233,1,Full
13,0,12,816,681,6,0.639,473,233,1,Full
14,0,13,427,1300,6,0.639,473,233,1,Full
15,0,14,118,1647,8,0.639,473,233,1,Full
16,0,15,198,1840,8,0.639,473,233,1,Full
17,0,16,239,1341,7,0.639,473,233,1,Full
18,0,17,732,1846,11,0.639,473,233,1,Full
19,0,18,1130,1428,7,0.631,473,233,1,Full
20,0,19,599,1562,6,0.627,473,233,1,Full
21,0,20,1996,931,9,0.622,473,233,1,Full
22,0,21,410,683,6,0.618,473,233,1,Full
23,0,22,1756,260,8,0.618,473,233,1,Full
24,0,23,18,346,6,0.614,473,233,1,Full
25,0,24,1831,1274,6,0.614,473,233,1,Full
26,0,25,792,694,10,0.614,473,233,1,Full
27,0,26,787,1351,6,0.614,473,233,1,Full
28,0,27,1115,1557,6,0.614,473,233,1,Full
29,0,28,1134,1704,6,0.614,473,233,1,Full
30,0,29,338,1143,6,0.609,473,233,1,Full
31,0,30,1968,1566,8,0.609,473,233,1,Full
32,0,31,1126,1244,6,0.609,473,233,1,Full
33,0,32,429,1364,6,0.609,473,233,1,Full
34,0,33,712,1272,7,0.605,473,233,1,Full
35,0,34,255,249,6,0.605,473,233,1,Full
36,0,35,88,709,6,0.605,473,233,1,Full
37,0,36,318,1332,6,0.605,473,233,1,Full
38,0,37,1802,1503,6,0.605,473,233,1,Full
39,0,38,97,1832,6,0.601,473,233,1,Full
40,0,39,1250,663,8,0.601,473,233,1,Full
41,0,40,741,1309,7,0.597,473,233,1,Full
42,0,41,1985,410,8,0.597,473,233,1,Full
43,0,42,271,122,6,0.597,473,233,1,Full
44,0,43,475,1552,6,0.597,473,233,1,Full
45,0,44,702,596,7,0.592,473,233,1,Full
46,0,45,743,1345,7,0.592,473,233,1,Full
47,0,46,458,707,6,0.592,473,233,1,Full
48,0,47,1014,991,6,0.592,473,233,1,Full
49,0,48,693,1820,7,0.592,473,233,1,Full
50,0,49,1131,24,6,0.588,473,233,1,Full
51,0,50,1290,1025,6,0.588,473,233,1,Full
52,0,51,537,1312,6,0.588,473,233,1,Full
53,0,52,1145,496,7,0.588,473,233,1,Full
54,0,53,739,1393,6,0.588,473,233,1,Full
55,0,54,1974,1000,8,0.584,473,233,1,Full
56,0,55,92,257,6,0.584,473,233,1,Full
57,0,56,776,1028,6,0.584,473,233,1,Full
58,0,57,585,1177,6,0.584,473,233,1,Full
59,0,58,231,1734,6,0.584,473,233,1,Full
60,0,59,633,875,9,0.579,473,233,1,Full
61,0,60,605,380,6,0.579,473,233,1,Full
62,0,61,533,1022,7,0.579,473,233,1,Full
63,0,62,551,519,6,0.579,473,233,1,Full
64,0,63,1704,637,6,0.579,473,233,1,Full
65,0,64,1321,123,8,0.579,473,233,1,Full
66,0,65,85,779,6,0.579,473,233,1,Full
67,0,66,1892,1852,6,0.579,473,233,1,Full
68,0,67,1061,1125,8,0.575,473,233,1,Full
69,0,68,1424,900,7,0.575,473,233,1,Full
70,0,69,724,1186,6,0.575,473,233,1,Full
71,0,70,857,1290,6,0.575,473,233,1,Full
72,0,71,672,1359,6,0.575,473,233,1,Full
73,0,72,906,235,6,0.571,473,233,1,Full
74,0,73,469,1307,7,0.571,473,233,1,Full
75,0,74,1455,1957,7,0.571,473,233,1,Full
76,0,75,1219,627,6,0.571,473,233,1,Full
77,0,76,519,947,6,0.571,473,233,1,Full
78,0,77,1184,1027,6,0.571,473,233,1,Full
79,0,78,701,1397,6,0.571,473,233,1,Full
80,0,79,703,51,8,0.567,473,233,1,Full
81,0,80,1591,1151,7,0.567,473,233,1,Full
82,0,81,1053,782,6,0.567,473,233,1,Full
83,0,82,400,982,6,0.567,473,233,1,Full
84,0,83,1801,1385,6,0.567,473,233,1,Full
85,0,84,557,636,6,0.562,473,233,1,Full
86,0,85,1407,677,7,0.562,473,233,1,Full
87,0,86,968,949,7,0.562,473,233,1,Full
88,0,87,45,705,9,0.562,473,233,1,Full
89,0,88,1368,1137,6,0.562,473,233,1,Full
90,0,89,952,1145,6,0.562,473,233,1,Full
91,0,90,465,1342,7,0.562,473,233,1,Full
92,0,91,326,1281,6,0.562,473,233,1,Full
93,0,92,85,1510,6,0.562,473,233,1,Full
94,0,93,1897,1842,6,0.562,473,233,1,Full
95,0,94,1740,123,6,0.558,473,233,1,Full
96,0,95,1979,521,6,0.558,473,233,1,Full
97,0,96,962,1091,10,0.558,473,233,1,Full
98,0,97,1538,683,6,0.558,473,233,1,Full
99,0,98,1218,681,9,0.558,473,233,1,Full
100,0,99,1363,880,6,0.558,473,233,1,Full
101,0,100,1415,914,6,0.558,473,233,1,Full
102,0,101,689,1033,6,0.558,473,233,1,Full
103,0,102,879,1254,6,0.558,473,233,1,Full
104,0,103,469,1325,6,0.558,473,233,1,Full
105,0,104,346,1470,6,0.558,473,233,1,Full
106,0,105,542,19,6,0.554,473,233,1,Full
107,0,106,718,288,7,0.554,473,233,1,Full
108,0,107,1407,299,6,0.554,473,233,1,Full
109,0,108,1441,367,6,0.554,473,233,1,Full
110,0,109,1207,1057,6,0.554,473,233,1,Full
111,0,110,965,1535,6,0.554,473,233,1,Full
112,0,111,2015,134,6,0.549,473,233,1,Full
113,0,112,1921,441,7,0.549,473,233,1,Full
114,0,113,1240,511,7,0.549,473,233,1,Full
115,0,114,832,1229,7,0.549,473,233,1,Full
116,0,115,1498,180,6,0.549,473,233,1,Full
117,0,116,597,1100,8,0.549,473,233,1,Full
118,0,117,627,1476,7,0.549,473,233,1,Full
119,0,118,419,1507,7,0.549,473,233,1,Full
120,0,119,178,324,6,0.549,473,233,1,Full
121,0,120,1936,1572,8,0.549,473,233,1,Full
122,0,121,603,373,6,0.549,473,233,1,Full
123,0,122,331,481,6,0.549,473,233,1,Full
124,0,123,197,11,8,0.545,473,233,1,Full
125,0,124,783,361,8,0.545,473,233,1,Full
126,0,125,116,338,7,0.545,473,233,1,Full
127,0,126,1531,13,6,0.545,473,233,1,Full
128,0,127,1227,36,6,0.545,473,233,1,Full
129,0,128,228,47,6,0.545,473,233,1,Full
130,0,129,1642,791,7,0.545,473,233,1,Full
131,0,130,1198,1190,7,0.545,473,233,1,Full
132,0,131,732,68,6,0.545,473,233,1,Full
133,0,132,836,1408,7,0.545,473,233,1,Full
134,0,133,650,376,6,0.545,473,233,1,Full
135,0,134,389,405,6,0.545,473,233,1,Full
136,0,135,1077,529,6,0.545,473,233,1,Full
137,0,136,189,791,6,0.545,473,233,1,Full
138,0,137,396,1433,6,0.545,473,233,1,Full
139,0,138,701,1452,6,0.545,473,233,1,Full
140,0,139,1437,1482,6,0.545,473,233,1,Full
141,0,140,48,1853,6,0.545,473,233,1,Full
142,0,141,1388,1974,6,0.545,473,233,1,Full
143,0,142,821,92,8,0.541,473,233,1,Full
144,0,143,790,145,7,0.541,473,233,1,Full
145,0,144,2011,501,7,0.541,473,233,1,Full
146,0,145,676,426,6,0.541,473,233,1,Full
147,0,146,28,476,6,0.541,473,233,1,Full
148,0,147,1362,530,6,0.541,473,233,1,Full
149,0,148,418,570,6,0.541,473,233,1,Full
150,0,149,1766,959,7,0.541,473,233,1,Full
151,0,150,136,1805,7,0.541,473,233,1,Full
152,0,151,906,695,6,0.541,473,233,1,Full
153,0,152,328,1951,7,0.541,473,233,1,Full
154,0,153,523,1983,7,0.541,473,233,1,Full
155,0,154,1379,755,6,0.541,473,233,1,Full
156,0,155,1930,1435,6,0.541,473,233,1,Full
157,0,156,789,1580,6,0.541,473,233,1,Full
158,0,157,1921,1612,6,0.541,473,233,1,Full
159,0,158,29,1680,6,0.541,473,233,1,Full
160,0,159,1429,1936,6,0.541,473,233,1,Full
161,0,160,1220,1020,7,0.536,473,233,1,Full
162,0,161,706,1601,7,0.536,473,233,1,Full
163,0,162,1218,88,6,0.536,473,233,1,Full
164,0,163,959,103,6,0.536,473,233,1,Full
165,0,164,1023,1676,7,0.536,473,233,1,Full
166,0,165,1924,288,6,0.536,473,233,1,Full
167,0,166,1101,495,6,0.536,473,233,1,Full
168,0,167,863,536,6,0.536,473,233,1,Full
169,0,168,1618,823,6,0.536,473,233,1,Full
170,0,169,359,824,6,0.536,473,233,1,Full
171,0,170,699,989,6,0.536,473,233,1,Full
172,0,171,61,1032,6,0.536,473,233,1,Full
173,0,172,1170,1107,6,0.536,473,233,1,Full
174,0,173,1464,1168,6,0.536,473,233,1,Full
175,0,174,34,1249,6,0.536,473,233,1,Full
176,0,175,1923,1348,6,0.536,473,233,1,Full
177,0,176,635,1371,6,0.536,473,233,1,Full
178,0,177,515,1415,6,0.536,473,233,1,Full
179,0,178,1579,1546,6,0.536,473,233,1,Full
180,0,179,251,1727,6,0.536,473,233,1,Full
181,0,180,1451,1744,6,0.536,473,233,1,Full
182,0,181,418,1862,6,0.536,473,233,1,Full
183,0,182,164,34,7,0.532,473,233,1,Full
184,0,183,249,81,6,0.532,473,233,1,Full
185,0,184,955,883,7,0.532,473,233,1,Full
186,0,185,1944,1676,7,0.532,473,233,1,Full
187,0,186,18,551,6,0.532,473,233,1,Full
188,0,187,1330,702,6,0.532,473,233,1,Full
189,0,188,1218,994,6,0.532,473,233,1,Full
190,0,189,416,1020,6,0.532,473,233,1,Full
191,0,190,831,1187,6,0.532,473,233,1,Full
192,0,191,27,1239,6,0.532,473,233,1,Full
193,0,192,624,1373,6,0.532,473,233,1,Full
194,0,193,1476,1381,6,0.532,473,233,1,Full
195,0,194,575,1493,6,0.532,473,233,1,Full
196,0,195,1753,2005,6,0.532,473,233,1,Full
197,0,196,151,2033,6,0.532,473,233,1,Full
198,0,197,223,2038,6,0.532,473,233,1,Full
199,0,198,1735,1206,9,0.528,473,233,1,Full
200,0,199,375,1155,10,0.528,473,233,1,Full
201,0,200,1289,70,6,0.528,473,233,1,Full
202,0,201,2025,51,7,0.528,473,233,1,Full
203,0,202,415,369,6,0.528,473,233,1,Full
204,0,203,746,144,7,0.528,473,233,1,Full
205,0,204,1195,394,6,0.528,473,233,1,Full
206,0,205,2020,394,6,0.528,473,233,1,Full
207,0,206,1059,796,7,0.528,473,233,1,Full
208,0,207,1476,801,7,0.528,473,233,1,Full
209,0,208,1469,794,6,0.528,473,233,1,Full
210,0,209,1006,1098,7,0.528,473,233,1,Full
211,0,210,858,1603,7,0.528,473,233,1,Full
212,0,211,1927,1922,7,0.528,473,233,1,Full
213,0,212,1145,893,6,0.528,473,233,1,Full
214,0,213,1208,963,6,0.528,473,233,1,Full
215,0,214,237,1408,6,0.528,473,233,1,Full
216,0,215,1126,1696,6,0.528,473,233,1,Full
217,0,216,426,1870,6,0.528,473,233,1,Full
218,0,217,1984,2038,6,0.528,473,233,1,Full
219,0,218,1624,9,6,0.524,473,233,1,Full
220,0,219,1946,117,6,0.524,473,233,1,Full
221,0,220,1574,265,7,0.524,473,233,1,Full
222,0,221,1618,318,7,0.524,473,233,1,Full
223,0,222,1600,1057,9,0.524,473,233,1,Full
224,0,223,363,456,6,0.524,473,233,1,Full
225,0,224,980,403,7,0.524,473,233,1,Full
226,0,225,1504,736,7,0.524,473,233,1,Full
227,0,226,167,925,7,0.524,473,233,1,Full
228,0,227,595,1962,9,0.524,473,233,1,Full
229,0,228,994,1130,7,0.524,473,233,1,Full
230,0,229,1944,590,6,0.524,473,233,1,Full
231,0,230,396,1208,7,0.524,473,233,1,Full
232,0,231,404,1311,7,0.524,473,233,1,Full
233,0,232,1263,657,6,0.524,473,233,1,Full
234,0,233,532,1702,7,0.524,473,233,1,Full
235,0,234,214,810,6,0.524,473,233,1,Full
236,0,235,10,1029,6,0.524,473,233,1,Full
237,0,236,265,2028,7,0.524,473,233,1,Full
238,0,237,965,1345,6,0.524,473,233,1,Full
239,0,238,415,1397,6,0.524,473,233,1,Full
240,0,239,514,1404,6,0.524,473,233,1,Full
241,0,240,734,1715,6,0.524,473,233,1,Full
242,0,241,966,1738,6,0.524,473,233,1,Full
243,0,242,103,1932,6,0.524,473,233,1,Full
244,0,243,1427,1970,6,0.524,473,233,1,Full
245,0,244,395,1973,6,0.524,473,233,1,Full
246,0,245,1652,1990,6,0.524,473,233,1,Full
247,0,246,1880,190,6,0.519,473,233,1,Full
248,0,247,1756,246,6,0.519,473,233,1,Full
249,0,248,480,277,6,0.519,473,233,1,Full
250,0,249,619,1190,9,0.519,473,233,1,Full
251,0,250,91,327,6,0.519,473,233,1,Full
252,0,251,1227,530,7,0.519,473,233,1,Full
253,0,252,649,673,7,0.519,473,233,1,Full
254,0,253,684,62,8,0.519,473,233,1,Full
255,0,254,1901,1136,7,0.519,473,233,1,Full
256,0,255,1013,1146,7,0.519,473,233,1,Full
257,0,256,1820,392,6,0.519,473,233,1,Full
258,0,257,710,1291,7,0.519,473,233,1,Full
259,0,258,1909,410,6,0.519,473,233,1,Full
260,0,259,502,1895,7,0.519,473,233,1,Full
261,0,260,1805,509,6,0.519,473,233,1,Full
262,0,261,52,525,6,0.519,473,233,1,Full
263,0,262,287,532,6,0.519,473,233,1,Full
264,0,263,1636,727,6,0.519,473,233,1,Full
265,0,264,721,855,6,0.519,473,233,1,Full
266,0,265,1278,885,6,0.519,473,233,1,Full
267,0,266,42,923,6,0.519,473,233,1,Full
268,0,267,946,1124,6,0.519,473,233,1,Full
269,0,268,17,1321,6,0.519,473,233,1,Full
270,0,269,1289,1326,6,0.519,473,233,1,Full
271,0,270,1862,1387,6,0.519,473,233,1,Full
272,0,271,189,1406,6,0.519,473,233,1,Full
273,0,272,1758,1464,6,0.519,473,233,1,Full
274,0,273,792,1765,6,0.519,473,233,1,Full
275,0,274,604,1782,6,0.519,473,233,1,Full
276,0,275,1409,1821,6,0.519,473,233,1,Full
277,0,276,1955,1913,6,0.519,473,233,1,Full
278,0,277,725,33,7,0.515,473,233,1,Full
279,0,278,1490,498,8,0.515,473,233,1,Full
280,0,279,134,26,6,0.515,473,233,1,Full
281,0,280,1052,468,7,0.515,473,233,1,Full
282,0,281,1421,498,7,0.515,473,233,1,Full
283,0,282,1368,710,7,0.515,473,233,1,Full
284,0,283,1700,731,7,0.515,473,233,1,Full
285,0,284,168,978,7,0.515,473,233,1,Full
286,0,285,1837,1006,7,0.515,473,233,1,Full
287,0,286,98,161,6,0.515,473,233,1,Full
288,0,287,513,285,6,0.515,473,233,1,Full
289,0,288,670,1335,7,0.515,473,233,1,Full
290,0,289,1625,288,6,0.515,473,233,1,Full
291,0,290,1545,831,8,0.515,473,233,1,Full
292,0,291,380,299,6,0.515,473,233,1,Full
293,0,292,723,1327,8,0.515,473,233,1,Full
294,0,293,537,300,6,0.515,473,233,1,Full
295,0,294,424,375,6,0.515,473,233,1,Full
296,0,295,877,414,6,0.515,473,233,1,Full
297,0,296,303,1442,7,0.515,473,233,1,Full
298,0,297,168,1395,8,0.515,473,233,1,Full
299,0,298,254,444,6,0.515,473,233,1,Full
300,0,299,513,1459,7,0.515,473,233,1,Full
301,0,300,173,1462,7,0.515,473,233,1,Full
302,0,301,1937,478,6,0.515,473,233,1,Full
303,0,302,694,490,6,0.515,473,233,1,Full
304,0,303,323,1472,7,0.515,473,233,1,Full
305,0,304,2024,1557,7,0.515,473,233,1,Full
306,0,305,1062,635,6,0.515,473,233,1,Full
307,0,306,421,659,6,0.515,473,233,1,Full
308,0,307,958,770,6,0.515,473,233,1,Full
309,0,308,539,822,6,0.515,473,233,1,Full
310,0,309,523,858,6,0.515,473,233,1,Full
311,0,310,920,971,6,0.515,473,233,1,Full
312,0,311,576,1010,6,0.515,473,233,1,Full
313,0,312,854,1112,6,0.515,473,233,1,Full
314,0,313,798,1214,6,0.515,473,233,1,Full
315,0,314,760,1261,6,0.515,473,233,1,Full
316,0,315,686,1391,6,0.515,473,233,1,Full
317,0,316,1533,1429,6,0.515,473,233,1,Full
318,0,317,805,708,10,0.515,473,233,1,Full
319,0,318,988,1434,6,0.515,473,233,1,Full
320,0,319,670,1437,6,0.515,473,233,1,Full
321,0,320,339,1514,6,0.515,473,233,1,Full
322,0,321,1959,1726,6,0.515,473,233,1,Full
323,0,322,1780,1894,6,0.515,473,233,1,Full
324,0,323,465,1986,6,0.515,473,233,1,Full
325,0,324,704,103,9,0.511,473,233,1,Full
326,0,325,194,34,6,0.511,473,233,1,Full
327,0,326,140,73,6,0.511,473,233,1,Full
328,0,327,213,1135,8,0.511,473,233,1,Full
329,0,328,1450,1064,10,0.511,473,233,1,Full
330,0,329,1915,113,6,0.511,473,233,1,Full
331,0,330,1266,155,6,0.511,473,233,1,Full
332,0,331,127,36,7,0.511,473,233,1,Full
333,0,332,672,337,6,0.511,473,233,1,Full
334,0,333,1088,394,7,0.511,473,233,1,Full
335,0,334,304,423,7,0.511,473,233,1,Full
336,0,335,1036,580,7,0.511,473,233,1,Full
337,0,336,1338,355,6,0.511,473,233,1,Full
338,0,337,286,749,7,0.511,473,233,1,Full
339,0,338,538,450,6,0.511,473,233,1,Full
340,0,339,1456,780,7,0.511,473,233,1,Full
341,0,340,424,571,6,0.511,473,233,1,Full
342,0,341,702,583,6,0.511,473,233,1,Full
343,0,342,177,879,7,0.511,473,233,1,Full
344,0,343,343,752,6,0.511,473,233,1,Full
345,0,344,851,766,6,0.511,473,233,1,Full
346,0,345,1002,1000,7,0.511,473,233,1,Full
347,0,346,1989,1403,7,0.511,473,233,1,Full
348,0,347,636,1532,7,0.511,473,233,1,Full
349,0,348,2003,1590,7,0.511,473,233,1,Full
350,0,349,125,1614,7,0.511,473,233,1,Full
351,0,350,812,1848,7,0.511,473,233,1,Full
352,0,351,88,1851,7,0.511,473,233,1,Full
353,0,352,1419,1866,7,0.511,473,233,1,Full
354,0,353,601,1876,7,0.511,473,233,1,Full
355,0,354,1050,843,6,0.511,473,233,1,Full
356,0,355,1363,892,6,0.511,473,233,1,Full
357,0,356,99,902,6,0.511,473,233,1,Full
358,0,357,1248,902,6,0.511,473,233,1,Full
359,0,358,14,904,6,0.511,473,233,1,Full
360,0,359,696,978,6,0.511,473,233,1,Full
361,0,360,47,1127,6,0.511,473,233,1,Full
362,0,361,17,1137,6,0.511,473,233,1,Full
363,0,362,149,1154,6,0.511,473,233,1,Full
364,0,363,1094,1251,6,0.511,473,233,1,Full
365,0,364,815,1257,6,0.511,473,233,1,Full
366,0,365,1820,1309,6,0.511,473,233,1,Full
367,0,366,620,1401,6,0.511,473,233,1,Full
368,0,367,607,1462,6,0.511,473,233,1,Full
369,0,368,1990,1530,6,0.511,473,233,1,Full
370,0,369,643,1539,6,0.511,473,233,1,Full
371,0,370,237,1806,6,0.511,473,233,1,Full
372,0,371,487,1883,6,0.511,473,233,1,Full
373,0,372,959,1932,6,0.511,473,233,1,Full
374,0,373,1611,2021,6,0.511,473,233,1,Full
375,0,374,693,101,7,0.506,473,233,1,Full
376,0,375,652,1000,8,0.506,473,233,1,Full
377,0,376,946,41,6,0.506,473,233,1,Full
378,0,377,677,51,6,0.506,473,233,1,Full
379,0,378,399,1821,8,0.506,473,233,1,Full
380,0,379,572,1666,11,0.506,473,233,1,Full
381,0,380,721,1005,9,0.506,473,233,1,Full
382,0,381,1742,417,7,0.506,473,233,1,Full
383,0,382,1266,470,7,0.506,473,233,1,Full
384,0,383,45,273,10,0.506,473,233,1,Full
385,0,384,713,493,7,0.506,473,233,1,Full
386,0,385,877,334,10,0.506,473,233,1,Full
387,0,386,1848,94,6,0.506,473,233,1,Full
388,0,387,1501,523,7,0.506,473,233,1,Full
389,0,388,1876,268,6,0.506,473,233,1,Full
390,0,389,456,1024,10,0.506,473,233,1,Full
391,0,390,1944,268,6,0.506,473,233,1,Full
392,0,391,1219,287,6,0.506,473,233,1,Full
393,0,392,693,1515,10,0.506,473,233,1,Full
394,0,393,1400,294,6,0.506,473,233,1,Full
395,0,394,1697,683,7,0.506,473,233,1,Full
396,0,395,1576,837,7,0.506,473,233,1,Full
397,0,396,250,997,7,0.506,473,233,1,Full
398,0,397,977,1037,7,0.506,473,233,1,Full
399,0,398,366,1052,7,0.506,473,233,1,Full
400,0,399,552,352,6,0.506,473,233,1,Full
401,0,400,975,391,6,0.506,473,233,1,Full
402,0,401,766,459,6,0.506,473,233,1,Full
403,0,402,732,481,6,0.506,473,233,1,Full
404,0,403,953,1066,7,0.506,473,233,1,Full
405,0,404,508,1449,7,0.506,473,233,1,Full
406,0,405,1880,1463,7,0.506,473,233,1,Full
407,0,406,1997,492,6,0.506,473,233,1,Full
408,0,407,349,500,6,0.506,473,233,1,Full
409,0,408,664,796,6,0.506,473,233,1,Full
410,0,409,863,961,6,0.506,473,233,1,Full
411,0,410,15,1595,7,0.506,473,233,1,Full
412,0,411,1974,973,6,0.506,473,233,1,Full
413,0,412,1349,1000,6,0.506,473,233,1,Full
414,0,413,862,1108,6,0.506,473,233,1,Full
415,0,414,951,1184,6,0.506,473,233,1,Full
416,0,415,584,1189,6,0.506,473,233,1,Full
417,0,416,1528,1212,6,0.506,473,233,1,Full
418,0,417,240,1366,6,0.506,473,233,1,Full
419,0,418,277,1379,6,0.506,473,233,1,Full
420,0,419,1594,1382,6,0.506,473,233,1,Full
421,0,420,427,1415,6,0.506,473,233,1,Full
422,0,421,504,1436,6,0.506,473,233,1,Full
423,0,422,913,1440,6,0.506,473,233,1,Full
424,0,423,436,1505,6,0.506,473,233,1,Full
425,0,424,1823,1724,6,0.506,473,233,1,Full
426,0,425,1563,327,9,0.502,473,233,1,Full
427,0,426,665,13,6,0.502,473,233,1,Full
428,0,427,221,47,7,0.502,473,233,1,Full
429,0,428,1097,211,6,0.502,473,233,1,Full
430,0,429,1766,219,6,0.502,473,233,1,Full
431,0,430,760,106,7,0.502,473,233,1,Full
432,0,431,546,456,7,0.502,473,233,1,Full
433,0,432,1045,145,8,0.502,473,233,1,Full
434,0,433,1937,457,7,0.502,473,233,1,Full
435,0,434,171,231,8,0.502,473,233,1,Full
436,0,435,409,1346,8,0.502,473,233,1,Full
437,0,436,205,69,13,0.502,473,233,1,Full
438,0,437,299,1078,11,0.502,473,233,1,Full
439,0,438,295,1411,8,0.502,473,233,1,Full
440,0,439,927,1370,11,0.502,473,233,1,Full
441,0,440,893,281,6,0.502,473,233,1,Full
442,0,441,174,299,6,0.502,473,233,1,Full
443,0,442,170,324,6,0.502,473,233,1,Full
444,0,443,1249,919,7,0.502,473,233,1,Full
445,0,444,2008,1002,7,0.502,473,233,1,Full
446,0,445,245,1398,7,0.502,473,233,1,Full
447,0,446,1854,387,6,0.502,473,233,1,Full
448,0,447,420,1461,7,0.502,473,233,1,Full
449,0,448,554,504,6,0.502,473,233,1,Full
450,0,449,2022,1842,7,0.502,473,233,1,Full
451,0,450,1181,508,6,0.502,473,233,1,Full
452,0,451,332,613,6,0.502,473,233,1,Full
453,0,452,1966,647,6,0.502,473,233,1,Full
454,0,453,556,668,6,0.502,473,233,1,Full
455,0,454,1326,720,6,0.502,473,233,1,Full
456,0,455,637,811,6,0.502,473,233,1,Full
457,0,456,387,815,6,0.502,473,233,1,Full
458,0,457,413,867,6,0.502,473,233,1,Full
459,0,458,760,894,6,0.502,473,233,1,Full
460,0,459,1351,897,6,0.502,473,233,1,Full
461,0,460,733,998,6,0.502,473,233,1,Full
462,0,461,1490,1070,6,0.502,473,233,1,Full
463,0,462,329,1260,6,0.502,473,233,1,Full
464,0,463,1186,1347,6,0.502,473,233,1,Full
465,0,464,203,1387,6,0.502,473,233,1,Full
466,0,465,86,1405,6,0.502,473,233,1,Full
467,0,466,1870,1432,6,0.502,473,233,1,Full
468,0,467,1416,1559,6,0.502,473,233,1,Full
469,0,468,437,1580,6,0.502,473,233,1,Full
470,0,469,578,1609,6,0.502,473,233,1,Full
471,0,470,1988,1639,6,0.502,473,233,1,Full
472,0,471,447,1687,6,0.502,473,233,1,Full
473,0,472,1128,1688,6,0.502,473,233,1,Full
474,0,473,269,1762,6,0.502,473,233,1,Full
475,Berkeley_Hydroflattened_OCMDEM_11_15_1002,0,0,0,0,0.000,0,0,0,0
476,0,1,1594,588,7,0.876,582,233,1,Full
477,0,2,1798,326,7,0.824,582,233,1,Full
478,0,3,928,1571,8,0.803,582,233,1,Full
479,0,4,115,943,6,0.798,582,233,1,Full
480,0,5,188,1309,8,0.751,582,233,1,Full
481,0,6,189,408,8,0.742,582,233,1,Full
482,0,7,442,1877,7,0.712,582,233,1,Full
483,0,8,437,1337,10,0.712,582,233,1,Full
484,0,9,993,779,11,0.704,582,233,1,Full
485,0,10,116,36,9,0.691,582,233,1,Full
486,0,11,1601,1389,6,0.674,582,233,1,Full
487,0,12,1082,582,8,0.644,582,233,1,Full
488,0,13,1437,686,6,0.639,582,233,1,Full
489,0,14,1834,1046,6,0.635,582,233,1,Full
490,0,15,673,1090,6,0.635,582,233,1,Full
491,0,16,935,1242,6,0.635,582,233,1,Full
492,0,17,70,300,6,0.631,582,233,1,Full
493,0,18,672,538,6,0.631,582,233,1,Full
494,0,19,1486,1702,8,0.627,582,233,1,Full
495,0,20,1698,766,6,0.627,582,233,1,Full
496,0,21,1700,1576,6,0.622,582,233,1,Full
497,0,22,842,46,7,0.618,582,233,1,Full
498,0,23,439,1372,7,0.618,582,233,1,Full
499,0,24,1217,2023,7,0.618,582,233,1,Full
500,0,25,1276,1612,6,0.614,582,233,1,Full
501,0,26,1586,1618,6,0.614,582,233,1,Full
502,0,27,22,210,6,0.609,582,233,1,Full
503,0,28,443,1849,10,0.609,582,233,1,Full
504,0,29,1947,1233,6,0.609,582,233,1,Full
505,0,30,804,959,6,0.597,582,233,1,Full
506,0,31,1344,766,8,0.597,582,233,1,Full
507,0,32,634,865,8,0.597,582,233,1,Full
508,0,33,1911,628,7,0.592,582,233,1,Full
509,0,34,1812,872,6,0.592,582,233,1,Full
510,0,35,1763,1372,6,0.592,582,233,1,Full
511,0,36,691,1025,6,0.588,582,233,1,Full
512,0,37,1967,621,6,0.584,582,233,1,Full
513,0,38,1775,576,7,0.584,582,233,1,Full
514,0,39,1918,638,6,0.584,582,233,1,Full
515,0,40,807,725,6,0.584,582,233,1,Full
516,0,41,1881,1044,7,0.584,582,233,1,Full
517,0,42,1166,1624,6,0.584,582,233,1,Full
518,0,43,98,32,6,0.579,582,233,1,Full
519,0,44,1843,578,6,0.579,582,233,1,Full
520,0,45,1724,682,6,0.579,582,233,1,Full
521,0,46,2027,1128,7,0.579,582,233,1,Full
522,0,47,855,1600,7,0.579,582,233,1,Full
523,0,48,915,958,6,0.579,582,233,1,Full
524,0,49,1415,1185,6,0.579,582,233,1,Full
525,0,50,1739,488,6,0.575,582,233,1,Full
526,0,51,699,1044,6,0.575,582,233,1,Full
527,0,52,1606,1108,6,0.575,582,233,1,Full
528,0,53,1095,1259,6,0.575,582,233,1,Full
529,0,54,878,1475,6,0.575,582,233,1,Full
530,0,55,1542,1750,6,0.575,582,233,1,Full
531,0,56,1495,1804,6,0.575,582,233,1,Full
532,0,57,1508,1782,8,0.571,582,233,1,Full
533,0,58,170,64,7,0.571,582,233,1,Full
534,0,59,1482,30,6,0.571,582,233,1,Full
535,0,60,164,431,7,0.571,582,233,1,Full
536,0,61,1853,1597,7,0.571,582,233,1,Full
537,0,62,1681,42,6,0.571,582,233,1,Full
538,0,63,551,566,6,0.571,582,233,1,Full
539,0,64,297,592,6,0.571,582,233,1,Full
540,0,65,1901,597,6,0.571,582,233,1,Full
541,0,66,1717,965,6,0.571,582,233,1,Full
542,0,67,1045,2030,6,0.571,582,233,1,Full
543,0,68,1255,839,7,0.567,582,233,1,Full
544,0,69,839,1043,7,0.567,582,233,1,Full
545,0,70,675,1812,7,0.567,582,233,1,Full
546,0,71,265,848,6,0.567,582,233,1,Full
547,0,72,468,906,6,0.567,582,233,1,Full
548,0,73,1160,1282,6,0.567,582,233,1,Full
549,0,74,1972,1629,6,0.567,582,233,1,Full
550,0,75,1831,1655,6,0.567,582,233,1,Full
551,0,76,1337,1985,8,0.562,582,233,1,Full
552,0,77,1550,50,7,0.562,582,233,1,Full
553,0,78,1359,226,7,0.562,582,233,1,Full
554,0,79,1096,528,7,0.562,582,233,1,Full
555,0,80,715,305,6,0.562,582,233,1,Full
556,0,81,1333,807,6,0.562,582,233,1,Full
557,0,82,1713,992,6,0.562,582,233,1,Full
558,0,83,442,1157,6,0.562,582,233,1,Full
559,0,84,1889,1218,6,0.562,582,233,1,Full
560,0,85,777,1266,6,0.562,582,233,1,Full
561,0,86,1781,1360,6,0.562,582,233,1,Full
562,0,87,69,1843,6,0.562,582,233,1,Full
563,0,88,1217,1861,6,0.562,582,233,1,Full
564,0,89,1616,869,6,0.558,582,233,1,Full
565,0,90,552,2012,8,0.558,582,233,1,Full
566,0,91,298,230,7,0.558,582,233,1,Full
567,0,92,974,1891,9,0.558,582,233,1,Full
568,0,93,710,1640,7,0.558,582,233,1,Full
569,0,94,223,1877,7,0.558,582,233,1,Full
570,0,95,835,900,6,0.558,582,233,1,Full
571,0,96,1006,966,6,0.558,582,233,1,Full
572,0,97,1120,1277,6,0.558,582,233,1,Full
573,0,98,1949,1298,6,0.558,582,233,1,Full
574,0,99,1989,1301,6,0.558,582,233,1,Full
575,0,100,66,1307,6,0.558,582,233,1,Full
576,0,101,681,1649,6,0.558,582,233,1,Full
577,0,102,552,1678,6,0.558,582,233,1,Full
578,0,103,1572,133,6,0.554,582,233,1,Full
579,0,104,930,229,6,0.554,582,233,1,Full
580,0,105,543,852,6,0.554,582,233,1,Full
581,0,106,703,957,6,0.554,582,233,1,Full
582,0,107,747,267,7,0.554,582,233,1,Full
583,0,108,974,485,7,0.554,582,233,1,Full
584,0,109,868,1558,7,0.554,582,233,1,Full
585,0,110,523,1506,6,0.554,582,233,1,Full
586,0,111,1926,1890,6,0.554,582,233,1,Full
587,0,112,76,1174,8,0.549,582,233,1,Full
588,0,113,1602,1779,9,0.549,582,233,1,Full
589,0,114,1870,282,7,0.549,582,233,1,Full
590,0,115,1115,630,6,0.549,582,233,1,Full
591,0,116,527,772,7,0.549,582,233,1,Full
592,0,117,1995,1034,7,0.549,582,233,1,Full
593,0,118,281,1483,7,0.549,582,233,1,Full
594,0,119,1869,806,6,0.549,582,233,1,Full
595,0,120,49,1715,7,0.549,582,233,1,Full
596,0,121,1301,965,6,0.549,582,233,1,Full
597,0,122,242,1891,7,0.549,582,233,1,Full
598,0,123,1343,982,6,0.549,582,233,1,Full
599,0,124,816,1008,6,0.549,582,233,1,Full
600,0,125,784,1049,6,0.549,582,233,1,Full
601,0,126,1951,1111,6,0.549,582,233,1,Full
602,0,127,1811,1170,6,0.549,582,233,1,Full
603,0,128,1642,1422,6,0.549,582,233,1,Full
604,0,129,1003,1543,6,0.549,582,233,1,Full
605,0,130,47,1579,6,0.549,582,233,1,Full
606,0,131,1327,1896,6,0.549,582,233,1,Full
607,0,132,886,1927,6,0.549,582,233,1,Full
608,0,133,841,2029,6,0.549,582,233,1,Full
609,0,134,2017,94,6,0.545,582,233,1,Full
610,0,135,161,372,8,0.545,582,233,1,Full
611,0,136,1425,597,6,0.545,582,233,1,Full
612,0,137,1410,939,7,0.545,582,233,1,Full
613,0,138,822,874,6,0.545,582,233,1,Full
614,0,139,677,1060,7,0.545,582,233,1,Full
615,0,140,856,1309,6,0.545,582,233,1,Full
616,0,141,73,1360,7,0.545,582,233,1,Full
617,0,142,1863,1773,6,0.545,582,233,1,Full
618,0,143,618,1401,13,0.545,582,233,1,Full
619,0,144,1696,1805,6,0.545,582,233,1,Full
620,0,145,936,1429,7,0.545,582,233,1,Full
621,0,146,1179,1478,7,0.545,582,233,1,Full
622,0,147,1943,1768,7,0.545,582,233,1,Full
623,0,148,233,146,7,0.541,582,233,1,Full
624,0,149,55,161,9,0.541,582,233,1,Full
625,0,150,364,804,8,0.541,582,233,1,Full
626,0,151,1104,280,7,0.541,582,233,1,Full
627,0,152,1471,892,8,0.541,582,233,1,Full
628,0,153,1660,743,7,0.541,582,233,1,Full
629,0,154,961,782,7,0.541,582,233,1,Full
630,0,155,1648,276,6,0.541,582,233,1,Full
631,0,156,1611,852,7,0.541,582,233,1,Full
632,0,157,946,975,7,0.541,582,233,1,Full
633,0,158,1771,442,6,0.541,582,233,1,Full
634,0,159,1335,1866,8,0.541,582,233,1,Full
635,0,160,1651,926,6,0.541,582,233,1,Full
636,0,161,1478,1884,8,0.541,582,233,1,Full
637,0,162,1218,1075,7,0.541,582,233,1,Full
638,0,163,1316,1001,6,0.541,582,233,1,Full
639,0,164,590,1002,6,0.541,582,233,1,Full
640,0,165,1984,1055,6,0.541,582,233,1,Full
641,0,166,761,1147,7,0.541,582,233,1,Full
642,0,167,254,1272,6,0.541,582,233,1,Full
643,0,168,53,1439,6,0.541,582,233,1,Full
644,0,169,1275,1250,7,0.541,582,233,1,Full
645,0,170,134,1299,7,0.541,582,233,1,Full
646,0,171,1580,1704,7,0.541,582,233,1,Full
647,0,172,64,1534,6,0.541,582,233,1,Full
648,0,173,391,1617,6,0.541,582,233,1,Full
649,0,174,813,1855,7,0.541,582,233,1,Full
650,0,175,1742,1623,6,0.541,582,233,1,Full
651,0,176,560,1630,6,0.541,582,233,1,Full
652,0,177,94,1657,6,0.541,582,233,1,Full
653,0,178,1472,1958,6,0.541,582,233,1,Full
654,0,179,617,55,8,0.536,582,233,1,Full
655,0,180,1309,127,6,0.536,582,233,1,Full
656,0,181,729,295,7,0.536,582,233,1,Full
657,0,182,849,577,6,0.536,582,233,1,Full
658,0,183,253,348,7,0.536,582,233,1,Full
659,0,184,850,595,6,0.536,582,233,1,Full
660,0,185,978,612,6,0.536,582,233,1,Full
661,0,186,1391,804,8,0.536,582,233,1,Full
662,0,187,392,389,7,0.536,582,233,1,Full
663,0,188,610,805,6,0.536,582,233,1,Full
664,0,189,1020,520,7,0.536,582,233,1,Full
665,0,190,320,880,6,0.536,582,233,1,Full
666,0,191,1385,590,7,0.536,582,233,1,Full
667,0,192,384,844,7,0.536,582,233,1,Full
668,0,193,1272,1824,8,0.536,582,233,1,Full
669,0,194,1673,935,7,0.536,582,233,1,Full
670,0,195,700,1604,7,0.536,582,233,1,Full
671,0,196,1676,1811,7,0.536,582,233,1,Full
672,0,197,1480,914,6,0.536,582,233,1,Full
673,0,198,1715,2013,7,0.536,582,233,1,Full
674,0,199,308,1210,6,0.536,582,233,1,Full
675,0,200,1136,1267,6,0.536,582,233,1,Full
676,0,201,180,1285,6,0.536,582,233,1,Full
677,0,202,277,1325,6,0.536,582,233,1,Full
678,0,203,221,1517,6,0.536,582,233,1,Full
679,0,204,633,1622,6,0.536,582,233,1,Full
680,0,205,248,1629,6,0.536,582,233,1,Full
681,0,206,1990,1635,6,0.536,582,233,1,Full
682,0,207,767,1802,6,0.536,582,233,1,Full
683,0,208,977,499,8,0.532,582,233,1,Full
684,0,209,1294,282,7,0.532,582,233,1,Full
685,0,210,1426,30,6,0.532,582,233,1,Full
686,0,211,1348,378,6,0.532,582,233,1,Full
687,0,212,47,444,6,0.532,582,233,1,Full
688,0,213,889,507,8,0.532,582,233,1,Full
689,0,214,1920,463,6,0.532,582,233,1,Full
690,0,215,1361,349,7,0.532,582,233,1,Full
691,0,216,794,356,7,0.532,582,233,1,Full
692,0,217,1892,557,7,0.532,582,233,1,Full
693,0,218,656,445,9,0.532,582,233,1,Full
694,0,219,1766,581,6,0.532,582,233,1,Full
695,0,220,1510,643,6,0.532,582,233,1,Full
696,0,221,1758,592,10,0.532,582,233,1,Full
697,0,222,438,773,7,0.532,582,233,1,Full
698,0,223,1649,736,6,0.532,582,233,1,Full
699,0,224,1896,1240,8,0.532,582,233,1,Full
700,0,225,756,947,7,0.532,582,233,1,Full
701,0,226,601,1021,6,0.532,582,233,1,Full
702,0,227,2036,1111,6,0.532,582,233,1,Full
703,0,228,1750,1152,6,0.532,582,233,1,Full
704,0,229,1640,1178,6,0.532,582,233,1,Full
705,0,230,1895,1209,7,0.532,582,233,1,Full
706,0,231,1521,1619,10,0.532,582,233,1,Full
707,0,232,1042,1296,6,0.532,582,233,1,Full
708,0,233,1479,1659,8,0.532,582,233,1,Full
709,0,234,1965,1363,6,0.532,582,233,1,Full
710,0,235,822,1381,6,0.532,582,233,1,Full
711,0,236,243,1430,7,0.532,582,233,1,Full
712,0,237,1792,1464,7,0.532,582,233,1,Full
713,0,238,1600,1475,7,0.532,582,233,1,Full
714,0,239,160,1514,6,0.532,582,233,1,Full
715,0,240,1346,1721,7,0.532,582,233,1,Full
716,0,241,1331,1752,7,0.532,582,233,1,Full
717,0,242,1339,1593,6,0.532,582,233,1,Full
718,0,243,715,1652,6,0.532,582,233,1,Full
719,0,244,1378,1672,6,0.532,582,233,1,Full
720,0,245,1984,1681,6,0.532,582,233,1,Full
721,0,246,1640,70,6,0.528,582,233,1,Full
722,0,247,203,1865,8,0.528,582,233,1,Full
723,0,248,919,433,7,0.528,582,233,1,Full
724,0,249,866,516,6,0.528,582,233,1,Full
725,0,250,1268,550,7,0.528,582,233,1,Full
726,0,251,861,689,6,0.528,582,233,1,Full
727,0,252,273,1202,7,0.528,582,233,1,Full
728,0,253,1988,824,6,0.528,582,233,1,Full
729,0,254,713,857,6,0.528,582,233,1,Full
730,0,255,506,937,6,0.528,582,233,1,Full
731,0,256,586,1636,7,0.528,582,233,1,Full
732,0,257,792,1904,7,0.528,582,233,1,Full
733,0,258,1469,1040,6,0.528,582,233,1,Full
734,0,259,944,1275,6,0.528,582,233,1,Full
735,0,260,547,1295,6,0.528,582,233,1,Full
736,0,261,508,1337,6,0.528,582,233,1,Full
737,0,262,1450,1445,6,0.528,582,233,1,Full
738,0,263,1280,1487,6,0.528,582,233,1,Full
739,0,264,316,1513,6,0.528,582,233,1,Full
740,0,265,886,1607,6,0.528,582,233,1,Full
741,0,266,1175,1699,6,0.528,582,233,1,Full
742,0,267,1303,1713,6,0.528,582,233,1,Full
743,0,268,108,1718,6,0.528,582,233,1,Full
744,0,269,1952,1727,6,0.528,582,233,1,Full
745,0,270,1087,1747,6,0.528,582,233,1,Full
746,0,271,163,1751,6,0.528,582,233,1,Full
747,0,272,1301,1930,6,0.528,582,233,1,Full
748,0,273,1368,191,8,0.524,582,233,1,Full
749,0,274,1010,28,7,0.524,582,233,1,Full
750,0,275,868,777,9,0.524,582,233,1,Full
751,0,276,56,9,6,0.524,582,233,1,Full
752,0,277,604,1077,8,0.524,582,233,1,Full
753,0,278,1438,37,6,0.524,582,233,1,Full
754,0,279,686,340,7,0.524,582,233,1,Full
755,0,280,1522,809,7,0.524,582,233,1,Full
756,0,281,1061,81,6,0.524,582,233,1,Full
757,0,282,609,256,6,0.524,582,233,1,Full
758,0,283,1666,935,7,0.524,582,233,1,Full
759,0,284,875,1782,8,0.524,582,233,1,Full
760,0,285,1208,1121,7,0.524,582,233,1,Full
761,0,286,893,268,6,0.524,582,233,1,Full
762,0,287,190,347,6,0.524,582,233,1,Full
763,0,288,2021,1674,7,0.524,582,233,1,Full
764,0,289,1752,469,6,0.524,582,233,1,Full
765,0,290,146,489,6,0.524,582,233,1,Full
766,0,291,1680,504,6,0.524,582,233,1,Full
767,0,292,347,798,6,0.524,582,233,1,Full
768,0,293,1941,832,6,0.524,582,233,1,Full
769,0,294,1666,984,6,0.524,582,233,1,Full
770,0,295,1195,1018,6,0.524,582,233,1,Full
771,0,296,1908,1152,6,0.524,582,233,1,Full
772,0,297,969,1324,6,0.524,582,233,1,Full
773,0,298,122,1697,6,0.524,582,233,1,Full
774,0,299,1898,1983,6,0.524,582,233,1,Full
775,0,300,1981,1988,6,0.524,582,233,1,Full
776,0,301,1337,713,8,0.519,582,233,1,Full
777,0,302,1234,805,7,0.519,582,233,1,Full
778,0,303,717,69,6,0.519,582,233,1,Full
779,0,304,1935,836,7,0.519,582,233,1,Full
780,0,305,1504,105,6,0.519,582,233,1,Full
781,0,306,528,979,7,0.519,582,233,1,Full
782,0,307,125,746,8,0.519,582,233,1,Full
783,0,308,1856,1333,7,0.519,582,233,1,Full
784,0,309,1658,1025,8,0.519,582,233,1,Full
785,0,310,485,1658,7,0.519,582,233,1,Full
786,0,311,322,471,6,0.519,582,233,1,Full
787,0,312,1807,1044,8,0.519,582,233,1,Full
788,0,313,87,1679,7,0.519,582,233,1,Full
789,0,314,719,1657,8,0.519,582,233,1,Full
790,0,315,1196,480,6,0.519,582,233,1,Full
791,0,316,1230,1840,7,0.519,582,233,1,Full
792,0,317,633,1873,7,0.519,582,233,1,Full
793,0,318,1484,1923,7,0.519,582,233,1,Full
794,0,319,837,511,6,0.519,582,233,1,Full
795,0,320,1618,570,6,0.519,582,233,1,Full
796,0,321,397,580,6,0.519,582,233,1,Full
797,0,322,1426,585,6,0.519,582,233,1,Full
798,0,323,847,611,6,0.519,582,233,1,Full
799,0,324,965,649,6,0.519,582,233,1,Full
800,0,325,122,657,6,0.519,582,233,1,Full
801,0,326,438,855,6,0.519,582,233,1,Full
802,0,327,1192,1139,6,0.519,582,233,1,Full
803,0,328,1614,1174,6,0.519,582,233,1,Full
804,0,329,630,1199,6,0.519,582,233,1,Full
805,0,330,588,1282,6,0.519,582,233,1,Full
806,0,331,845,1379,6,0.519,582,233,1,Full
807,0,332,1351,1398,6,0.519,582,233,1,Full
808,0,333,960,1429,6,0.519,582,233,1,Full
809,0,334,87,1620,6,0.519,582,233,1,Full
810,0,335,1357,1630,6,0.519,582,233,1,Full
811,0,336,674,1631,6,0.519,582,233,1,Full
812,0,337,323,1893,6,0.519,582,233,1,Full
813,0,338,764,10,7,0.515,582,233,1,Full
814,0,339,507,72,7,0.515,582,233,1,Full
815,0,340,1274,235,7,0.515,582,233,1,Full
816,0,341,1054,295,7,0.515,582,233,1,Full
817,0,342,94,271,8,0.515,582,233,1,Full
818,0,343,289,813,8,0.515,582,233,1,Full
819,0,344,42,35,6,0.515,582,233,1,Full
820,0,345,524,1896,8,0.515,582,233,1,Full
821,0,346,1385,185,6,0.515,582,233,1,Full
822,0,347,1189,197,6,0.515,582,233,1,Full
823,0,348,213,278,6,0.515,582,233,1,Full
824,0,349,111,432,6,0.515,582,233,1,Full
825,0,350,1244,553,6,0.515,582,233,1,Full
826,0,351,440,605,6,0.515,582,233,1,Full
827,0,352,813,705,6,0.515,582,233,1,Full
828,0,353,1063,487,7,0.515,582,233,1,Full
829,0,354,284,757,6,0.515,582,233,1,Full
830,0,355,1893,515,7,0.515,582,233,1,Full
831,0,356,1234,1154,7,0.515,582,233,1,Full
832,0,357,1130,1262,7,0.515,582,233,1,Full
833,0,358,1105,1503,7,0.515,582,233,1,Full
834,0,359,1257,800,6,0.515,582,233,1,Full
835,0,360,1172,850,6,0.515,582,233,1,Full
836,0,361,9,972,6,0.515,582,233,1,Full
837,0,362,781,1099,6,0.515,582,233,1,Full
838,0,363,866,1241,6,0.515,582,233,1,Full
839,0,364,1702,1803,7,0.515,582,233,1,Full
840,0,365,1900,1420,6,0.515,582,233,1,Full
841,0,366,779,1819,7,0.515,582,233,1,Full
842,0,367,2014,1429,6,0.515,582,233,1,Full
843,0,368,359,2035,7,0.515,582,233,1,Full
844,0,369,1844,1508,6,0.515,582,233,1,Full
845,0,370,665,1521,6,0.515,582,233,1,Full
846,0,371,1756,1585,6,0.515,582,233,1,Full
847,0,372,490,1604,6,0.515,582,233,1,Full
848,0,373,1449,1627,6,0.515,582,233,1,Full
849,0,374,1286,1774,6,0.515,582,233,1,Full
850,0,375,1447,1814,6,0.515,582,233,1,Full
851,0,376,891,1871,6,0.515,582,233,1,Full
852,0,377,1759,1986,6,0.515,582,233,1,Full
853,0,378,551,552,8,0.511,582,233,1,Full
854,0,379,196,19,6,0.511,582,233,1,Full
855,0,380,1066,132,6,0.511,582,233,1,Full
856,0,381,24,157,7,0.511,582,233,1,Full
857,0,382,1343,259,7,0.511,582,233,1,Full
858,0,383,1143,715,8,0.511,582,233,1,Full
859,0,384,1113,202,6,0.511,582,233,1,Full
860,0,385,224,261,6,0.511,582,233,1,Full
861,0,386,55,326,6,0.511,582,233,1,Full
862,0,387,1868,369,6,0.511,582,233,1,Full
863,0,388,1069,481,6,0.511,582,233,1,Full
864,0,389,921,513,6,0.511,582,233,1,Full
865,0,390,1207,531,6,0.511,582,233,1,Full
866,0,391,1876,775,8,0.511,582,233,1,Full
867,0,392,869,1037,8,0.511,582,233,1,Full
868,0,393,1976,491,9,0.511,582,233,1,Full
869,0,394,9,1543,8,0.511,582,233,1,Full
870,0,395,1103,647,7,0.511,582,233,1,Full
871,0,396,1608,719,7,0.511,582,233,1,Full
872,0,397,511,744,7,0.511,582,233,1,Full
873,0,398,1771,543,6,0.511,582,233,1,Full
874,0,399,1747,551,6,0.511,582,233,1,Full
875,0,400,1555,1746,8,0.511,582,233,1,Full
876,0,401,1347,560,6,0.511,582,233,1,Full
877,0,402,1963,634,6,0.511,582,233,1,Full
878,0,403,828,815,9,0.511,582,233,1,Full
879,0,404,598,737,6,0.511,582,233,1,Full
880,0,405,1251,1783,8,0.511,582,233,1,Full
881,0,406,843,794,7,0.511,582,233,1,Full
882,0,407,1473,1951,8,0.511,582,233,1,Full
883,0,408,1524,1983,8,0.511,582,233,1,Full
884,0,409,733,1766,11,0.511,582,233,1,Full
885,0,410,517,914,6,0.511,582,233,1,Full
886,0,411,753,917,7,0.511,582,233,1,Full
887,0,412,1662,919,7,0.511,582,233,1,Full
888,0,413,1322,972,7,0.511,582,233,1,Full
889,0,414,517,987,7,0.511,582,233,1,Full
890,0,415,545,918,6,0.511,582,233,1,Full
891,0,416,201,946,6,0.511,582,233,1,Full
892,0,417,1597,992,6,0.511,582,233,1,Full
893,0,418,695,1070,6,0.511,582,233,1,Full
894,0,419,1908,1169,6,0.511,582,233,1,Full
895,0,420,1729,1005,7,0.511,582,233,1,Full
896,0,421,770,1170,6,0.511,582,233,1,Full
897,0,422,1489,1150,7,0.511,582,233,1,Full
898,0,423,395,1364,6,0.511,582,233,1,Full
899,0,424,1241,1160,7,0.511,582,233,1,Full
900,0,425,1493,1427,6,0.511,582,233,1,Full
901,0,426,1131,1769,7,0.511,582,233,1,Full
902,0,427,1012,1498,6,0.511,582,233,1,Full
903,0,428,1450,1783,7,0.511,582,233,1,Full
904,0,429,1784,1788,7,0.511,582,233,1,Full
905,0,430,664,1570,6,0.511,582,233,1,Full
906,0,431,1332,1796,7,0.511,582,233,1,Full
907,0,432,1748,1808,7,0.511,582,233,1,Full
908,0,433,1947,1893,7,0.511,582,233,1,Full
909,0,434,1104,1635,6,0.511,582,233,1,Full
910,0,435,686,1641,6,0.511,582,233,1,Full
911,0,436,686,1653,6,0.511,582,233,1,Full
912,0,437,516,1804,6,0.511,582,233,1,Full
913,0,438,1315,1812,6,0.511,582,233,1,Full
914,0,439,692,1816,6,0.511,582,233,1,Full
915,0,440,1725,1820,6,0.511,582,233,1,Full
916,0,441,1540,1885,6,0.511,582,233,1,Full
917,0,442,196,1924,6,0.511,582,233,1,Full
918,0,443,724,2023,6,0.511,582,233,1,Full
919,0,444,1098,146,8,0.506,582,233,1,Full
920,0,445,467,663,8,0.506,582,233,1,Full
921,0,446,716,18,6,0.506,582,233,1,Full
922,0,447,1086,151,6,0.506,582,233,1,Full
923,0,448,1751,1061,8,0.506,582,233,1,Full
924,0,449,287,505,9,0.506,582,233,1,Full
925,0,450,1074,267,6,0.506,582,233,1,Full
926,0,451,1950,1339,8,0.506,582,233,1,Full
927,0,452,51,63,7,0.506,582,233,1,Full
928,0,453,1776,1177,9,0.506,582,233,1,Full
929,0,454,1024,116,7,0.506,582,233,1,Full
930,0,455,833,1494,8,0.506,582,233,1,Full
931,0,456,709,1594,8,0.506,582,233,1,Full
932,0,457,1207,347,6,0.506,582,233,1,Full
933,0,458,191,368,6,0.506,582,233,1,Full
934,0,459,346,583,7,0.506,582,233,1,Full
935,0,460,75,590,7,0.506,582,233,1,Full
936,0,461,1766,432,6,0.506,582,233,1,Full
937,0,462,796,665,7,0.506,582,233,1,Full
938,0,463,1579,516,6,0.506,582,233,1,Full
939,0,464,474,1731,8,0.506,582,233,1,Full
940,0,465,1378,1043,12,0.506,582,233,1,Full
941,0,466,1390,873,7,0.506,582,233,1,Full
942,0,467,873,527,6,0.506,582,233,1,Full
943,0,468,1058,1199,7,0.506,582,233,1,Full
944,0,469,411,526,10,0.506,582,233,1,Full
945,0,470,1301,1249,7,0.506,582,233,1,Full
946,0,471,1717,569,6,0.506,582,233,1,Full
947,0,472,1206,1276,7,0.506,582,233,1,Full
948,0,473,796,575,6,0.506,582,233,1,Full
949,0,474,448,645,6,0.506,582,233,1,Full
950,0,475,213,1338,7,0.506,582,233,1,Full
951,0,476,1073,711,6,0.506,582,233,1,Full
952,0,477,251,722,6,0.506,582,233,1,Full
953,0,478,1930,746,6,0.506,582,233,1,Full
954,0,479,1069,777,6,0.506,582,233,1,Full
955,0,480,850,1386,7,0.506,582,233,1,Full
956,0,481,1293,814,6,0.506,582,233,1,Full
957,0,482,771,909,6,0.506,582,233,1,Full
958,0,483,274,1748,7,0.506,582,233,1,Full
959,0,484,554,917,6,0.506,582,233,1,Full
960,0,485,129,994,6,0.506,582,233,1,Full
961,0,486,1376,1009,6,0.506,582,233,1,Full
962,0,487,138,1064,6,0.506,582,233,1,Full
963,0,488,806,1083,6,0.506,582,233,1,Full
964,0,489,639,1861,7,0.506,582,233,1,Full
965,0,490,1910,1242,6,0.506,582,233,1,Full
966,0,491,164,1250,6,0.506,582,233,1,Full
967,0,492,1882,1940,7,0.506,582,233,1,Full
968,0,493,455,1317,6,0.506,582,233,1,Full
969,0,494,1043,1348,6,0.506,582,233,1,Full
970,0,495,701,1434,6,0.506,582,233,1,Full
971,0,496,29,1444,6,0.506,582,233,1,Full
972,0,497,40,1450,6,0.506,582,233,1,Full
973,0,498,438,1473,6,0.506,582,233,1,Full
974,0,499,651,1494,6,0.506,582,233,1,Full
975,0,500,279,1495,6,0.506,582,233,1,Full
976,0,501,872,1541,6,0.506,582,233,1,Full
977,0,502,475,1641,6,0.506,582,233,1,Full
978,0,503,1191,1707,6,0.506,582,233,1,Full
979,0,504,1989,1753,6,0.506,582,233,1,Full
980,0,505,324,1765,6,0.506,582,233,1,Full
981,0,506,1504,1810,6,0.506,582,233,1,Full
982,0,507,1932,1873,6,0.506,582,233,1,Full
983,0,508,1931,1880,6,0.506,582,233,1,Full
984,0,509,1925,1907,6,0.506,582,233,1,Full
985,0,510,323,1994,6,0.506,582,233,1,Full
986,0,511,1758,2016,6,0.506,582,233,1,Full
987,0,512,633,2018,6,0.506,582,233,1,Full
988,0,513,1747,79,6,0.502,582,233,1,Full
989,0,514,1827,77,8,0.502,582,233,1,Full
990,0,515,147,29,7,0.502,582,233,1,Full
991,0,516,981,307,8,0.502,582,233,1,Full
992,0,517,1200,1820,9,0.502,582,233,1,Full
993,0,518,1926,170,6,0.502,582,233,1,Full
994,0,519,114,624,7,0.502,582,233,1,Full
995,0,520,350,266,6,0.502,582,233,1,Full
996,0,521,630,772,7,0.502,582,233,1,Full
997,0,522,1863,685,8,0.502,582,233,1,Full
998,0,523,346,776,8,0.502,582,233,1,Full
999,0,524,1836,806,7,0.502,582,233,1,Full
1000,0,525,723,1097,8,0.502,582,233,1,Full
1001,0,526,353,859,7,0.502,582,233,1,Full
1002,0,527,705,1364,8,0.502,582,233,1,Full
1003,0,528,849,476,6,0.502,582,233,1,Full
1004,0,529,1976,957,7,0.502,582,233,1,Full
1005,0,530,1477,981,7,0.502,582,233,1,Full
1006,0,531,370,1034,7,0.502,582,233,1,Full
1007,0,532,115,1083,7,0.502,582,233,1,Full
1008,0,533,1825,1285,7,0.502,582,233,1,Full
1009,0,534,291,1547,8,0.502,582,233,1,Full
1010,0,535,1594,1561,7,0.502,582,233,1,Full
1011,0,536,1905,518,6,0.502,582,233,1,Full
1012,0,537,574,685,10,0.502,582,233,1,Full
1013,0,538,260,1664,7,0.502,582,233,1,Full
1014,0,539,153,579,6,0.502,582,233,1,Full
1015,0,540,1459,1695,7,0.502,582,233,1,Full
1016,0,541,115,1914,7,0.502,582,233,1,Full
1017,0,542,1919,607,6,0.502,582,233,1,Full
1018,0,543,1451,617,6,0.502,582,233,1,Full
1019,0,544,1975,632,6,0.502,582,233,1,Full
1020,0,545,1659,662,6,0.502,582,233,1,Full
1021,0,546,1638,678,6,0.502,582,233,1,Full
1022,0,547,1568,775,6,0.502,582,233,1,Full
1023,0,548,1278,860,6,0.502,582,233,1,Full
1024,0,549,2028,962,6,0.502,582,233,1,Full
1025,0,550,1675,978,6,0.502,582,233,1,Full
1026,0,551,1975,1036,6,0.502,582,233,1,Full
1027,0,552,1978,1047,6,0.502,582,233,1,Full
1028,0,553,1399,1068,6,0.502,582,233,1,Full
1029,0,554,1715,1081,6,0.502,582,233,1,Full
1030,0,555,1508,1088,6,0.502,582,233,1,Full
1031,0,556,1670,1130,6,0.502,582,233,1,Full
1032,0,557,904,1148,6,0.502,582,233,1,Full
1033,0,558,1058,1252,6,0.502,582,233,1,Full
1034,0,559,1150,1254,6,0.502,582,233,1,Full
1035,0,560,2031,1284,6,0.502,582,233,1,Full
1036,0,561,1772,1292,6,0.502,582,233,1,Full
1037,0,562,185,1296,6,0.502,582,233,1,Full
1038,0,563,1896,1431,6,0.502,582,233,1,Full
1039,0,564,2007,1438,6,0.502,582,233,1,Full
1040,0,565,1462,1457,6,0.502,582,233,1,Full
1041,0,566,63,1502,6,0.502,582,233,1,Full
1042,0,567,1063,1520,6,0.502,582,233,1,Full
1043,0,568,127,1590,6,0.502,582,233,1,Full
1044,0,569,1799,1629,6,0.502,582,233,1,Full
1045,0,570,1443,1746,6,0.502,582,233,1,Full
1046,0,571,350,1761,6,0.502,582,233,1,Full
1047,0,572,1210,1790,6,0.502,582,233,1,Full
1048,0,573,1841,1801,6,0.502,582,233,1,Full
1049,0,574,2003,1810,6,0.502,582,233,1,Full
1050,0,575,121,1870,6,0.502,582,233,1,Full
1051,0,576,346,1922,6,0.502,582,233,1,Full
1052,0,577,926,1950,6,0.502,582,233,1,Full
1053,0,578,352,1969,6,0.502,582,233,1,Full
1054,0,579,966,1994,6,0.502,582,233,1,Full
1055,0,580,1433,2004,6,0.502,582,233,1,Full
1056,0,581,808,2029,6,0.502,582,233,1,Full
1057,0,582,1846,2041,6,0.502,582,233,1,Full
1058,Berkeley_Hydroflattened_OCMDEM_11_15_1003,0,0,0,0,0.000,0,0,0,0
1059,0,1,1659,1609,8,0.734,588,233,1,Full
1060,0,2,402,538,8,0.725,588,233,1,Full
1061,0,3,890,1576,8,0.725,588,233,1,Full
1062,0,4,1687,718,6,0.717,588,233,1,Full
1063,0,5,1158,911,6,0.712,588,233,1,Full
1064,0,6,2031,677,6,0.678,588,233,1,Full
1065,0,7,1262,249,10,0.678,588,233,1,Full
1066,0,8,1744,59,7,0.678,588,233,1,Full
1067,0,9,1814,216,8,0.665,588,233,1,Full
1068,0,10,1839,953,6,0.665,588,233,1,Full
1069,0,11,274,391,6,0.657,588,233,1,Full
1070,0,12,1506,1112,6,0.648,588,233,1,Full
1071,0,13,1648,740,9,0.635,588,233,1,Full
1072,0,14,871,726,6,0.635,588,233,1,Full
1073,0,15,277,264,6,0.631,588,233,1,Full
1074,0,16,1114,1323,8,0.631,588,233,1,Full
1075,0,17,1744,1167,6,0.627,588,233,1,Full
1076,0,18,1339,889,6,0.622,588,233,1,Full
1077,0,19,2019,412,7,0.622,588,233,1,Full
1078,0,20,1872,532,7,0.622,588,233,1,Full
1079,0,21,951,1761,6,0.622,588,233,1,Full
1080,0,22,1749,650,6,0.618,588,233,1,Full
1081,0,23,1250,1301,6,0.618,588,233,1,Full
1082,0,24,121,342,6,0.614,588,233,1,Full
1083,0,25,1658,782,7,0.614,588,233,1,Full
1084,0,26,566,443,6,0.609,588,233,1,Full
1085,0,27,102,1787,6,0.609,588,233,1,Full
1086,0,28,1394,1676,6,0.605,588,233,1,Full
1087,0,29,179,1382,7,0.601,588,233,1,Full
1088,0,30,735,1648,6,0.601,588,233,1,Full
1089,0,31,491,35,8,0.597,588,233,1,Full
1090,0,32,46,574,7,0.597,588,233,1,Full
1091,0,33,1496,590,7,0.597,588,233,1,Full
1092,0,34,1319,218,6,0.597,588,233,1,Full
1093,0,35,922,571,6,0.597,588,233,1,Full
1094,0,36,789,784,6,0.597,588,233,1,Full
1095,0,37,407,215,6,0.592,588,233,1,Full
1096,0,38,1934,618,6,0.592,588,233,1,Full
1097,0,39,1821,726,6,0.592,588,233,1,Full
1098,0,40,1934,1386,6,0.592,588,233,1,Full
1099,0,41,244,623,8,0.588,588,233,1,Full
1100,0,42,1378,1188,6,0.588,588,233,1,Full
1101,0,43,178,1301,6,0.588,588,233,1,Full
1102,0,44,421,72,9,0.588,588,233,1,Full
1103,0,45,1919,692,8,0.588,588,233,1,Full
1104,0,46,667,876,9,0.584,588,233,1,Full
1105,0,47,1624,298,7,0.584,588,233,1,Full
1106,0,48,40,1348,7,0.584,588,233,1,Full
1107,0,49,1325,239,6,0.584,588,233,1,Full
1108,0,50,1759,512,6,0.584,588,233,1,Full
1109,0,51,1412,926,6,0.584,588,233,1,Full
1110,0,52,194,168,6,0.579,588,233,1,Full
1111,0,53,1580,349,7,0.579,588,233,1,Full
1112,0,54,695,783,6,0.579,588,233,1,Full
1113,0,55,1633,416,7,0.579,588,233,1,Full
1114,0,56,956,1181,6,0.579,588,233,1,Full
1115,0,57,1637,891,7,0.579,588,233,1,Full
1116,0,58,1270,1307,7,0.579,588,233,1,Full
1117,0,59,1159,1437,6,0.579,588,233,1,Full
1118,0,60,921,85,6,0.575,588,233,1,Full
1119,0,61,1803,564,6,0.575,588,233,1,Full
1120,0,62,44,1119,7,0.575,588,233,1,Full
1121,0,63,1005,1301,7,0.575,588,233,1,Full
1122,0,64,261,606,6,0.575,588,233,1,Full
1123,0,65,309,871,6,0.575,588,233,1,Full
1124,0,66,1453,894,6,0.575,588,233,1,Full
1125,0,67,1252,1346,6,0.575,588,233,1,Full
1126,0,68,637,1664,6,0.575,588,233,1,Full
1127,0,69,1472,35,7,0.571,588,233,1,Full
1128,0,70,1655,378,6,0.571,588,233,1,Full
1129,0,71,1918,721,6,0.571,588,233,1,Full
1130,0,72,1742,911,6,0.571,588,233,1,Full
1131,0,73,509,920,6,0.571,588,233,1,Full
1132,0,74,1676,1027,6,0.571,588,233,1,Full
1133,0,75,176,1329,6,0.571,588,233,1,Full
1134,0,76,854,2002,6,0.571,588,233,1,Full
1135,0,77,1085,251,6,0.567,588,233,1,Full
1136,0,78,1811,486,6,0.567,588,233,1,Full
1137,0,79,1756,523,6,0.567,588,233,1,Full
1138,0,80,693,524,6,0.567,588,233,1,Full
1139,0,81,999,855,6,0.567,588,233,1,Full
1140,0,82,1596,478,7,0.567,588,233,1,Full
1141,0,83,1983,1008,6,0.567,588,233,1,Full
1142,0,84,204,491,7,0.567,588,233,1,Full
1143,0,85,1193,2022,7,0.567,588,233,1,Full
1144,0,86,1574,1013,6,0.567,588,233,1,Full
1145,0,87,1812,1071,6,0.567,588,233,1,Full
1146,0,88,502,1450,6,0.567,588,233,1,Full
1147,0,89,1491,223,7,0.562,588,233,1,Full
1148,0,90,1482,858,7,0.562,588,233,1,Full
1149,0,91,1753,917,7,0.562,588,233,1,Full
1150,0,92,1860,1237,7,0.562,588,233,1,Full
1151,0,93,112,1704,7,0.562,588,233,1,Full
1152,0,94,637,215,6,0.562,588,233,1,Full
1153,0,95,94,302,6,0.562,588,233,1,Full
1154,0,96,1109,353,6,0.562,588,233,1,Full
1155,0,97,1964,467,6,0.562,588,233,1,Full
1156,0,98,1145,231,7,0.558,588,233,1,Full
1157,0,99,1464,668,7,0.558,588,233,1,Full
1158,0,100,1881,309,8,0.558,588,233,1,Full
1159,0,101,1432,103,6,0.558,588,233,1,Full
1160,0,102,1510,1145,7,0.558,588,233,1,Full
1161,0,103,1700,403,6,0.558,588,233,1,Full
1162,0,104,1684,786,6,0.558,588,233,1,Full
1163,0,105,1810,837,6,0.558,588,233,1,Full
1164,0,106,1556,1204,6,0.558,588,233,1,Full
1165,0,107,782,1522,6,0.558,588,233,1,Full
1166,0,108,490,1801,6,0.558,588,233,1,Full
1167,0,109,1899,449,7,0.554,588,233,1,Full
1168,0,110,333,258,9,0.554,588,233,1,Full
1169,0,111,2002,1011,8,0.554,588,233,1,Full
1170,0,112,1547,144,6,0.554,588,233,1,Full
1171,0,113,1710,726,9,0.554,588,233,1,Full
1172,0,114,218,1962,7,0.554,588,233,1,Full
1173,0,115,711,1198,8,0.554,588,233,1,Full
1174,0,116,1377,250,6,0.554,588,233,1,Full
1175,0,117,648,661,6,0.554,588,233,1,Full
1176,0,118,595,683,6,0.554,588,233,1,Full
1177,0,119,243,778,6,0.554,588,233,1,Full
1178,0,120,688,1130,6,0.554,588,233,1,Full
1179,0,121,1020,1311,6,0.554,588,233,1,Full
1180,0,122,540,1972,6,0.554,588,233,1,Full
1181,0,123,1553,153,6,0.549,588,233,1,Full
1182,0,124,1851,836,7,0.549,588,233,1,Full
1183,0,125,1487,28,9,0.549,588,233,1,Full
1184,0,126,1582,964,8,0.549,588,233,1,Full
1185,0,127,1761,320,6,0.549,588,233,1,Full
1186,0,128,751,1188,7,0.549,588,233,1,Full
1187,0,129,1326,660,6,0.549,588,233,1,Full
1188,0,130,1663,756,6,0.549,588,233,1,Full
1189,0,131,265,1810,8,0.549,588,233,1,Full
1190,0,132,1852,1225,7,0.549,588,233,1,Full
1191,0,133,452,1540,7,0.549,588,233,1,Full
1192,0,134,653,774,6,0.549,588,233,1,Full
1193,0,135,112,874,10,0.549,588,233,1,Full
1194,0,136,1791,790,6,0.549,588,233,1,Full
1195,0,137,528,925,6,0.549,588,233,1,Full
1196,0,138,1152,952,6,0.549,588,233,1,Full
1197,0,139,1502,960,6,0.549,588,233,1,Full
1198,0,140,1606,971,11,0.549,588,233,1,Full
1199,0,141,446,1210,6,0.549,588,233,1,Full
1200,0,142,1591,1721,6,0.549,588,233,1,Full
1201,0,143,1061,271,9,0.549,588,233,1,Full
1202,0,144,1423,835,9,0.549,588,233,1,Full
1203,0,145,1292,546,7,0.545,588,233,1,Full
1204,0,146,64,120,6,0.545,588,233,1,Full
1205,0,147,1273,159,6,0.545,588,233,1,Full
1206,0,148,1910,217,6,0.545,588,233,1,Full
1207,0,149,768,323,6,0.545,588,233,1,Full
1208,0,150,1747,107,9,0.545,588,233,1,Full
1209,0,151,2030,612,6,0.545,588,233,1,Full
1210,0,152,1562,645,6,0.545,588,233,1,Full
1211,0,153,1601,339,8,0.545,588,233,1,Full
1212,0,154,882,2008,7,0.545,588,233,1,Full
1213,0,155,1072,667,6,0.545,588,233,1,Full
1214,0,156,2000,1023,6,0.545,588,233,1,Full
1215,0,157,230,1092,6,0.545,588,233,1,Full
1216,0,158,1774,1171,6,0.545,588,233,1,Full
1217,0,159,72,1199,6,0.545,588,233,1,Full
1218,0,160,477,1270,6,0.545,588,233,1,Full
1219,0,161,1408,1435,6,0.545,588,233,1,Full
1220,0,162,1963,1468,6,0.545,588,233,1,Full
1221,0,163,788,1532,6,0.545,588,233,1,Full
1222,0,164,1442,1616,6,0.545,588,233,1,Full
1223,0,165,427,1680,6,0.545,588,233,1,Full
1224,0,166,1827,745,7,0.541,588,233,1,Full
1225,0,167,1684,1090,7,0.541,588,233,1,Full
1226,0,168,418,457,8,0.541,588,233,1,Full
1227,0,169,427,35,6,0.541,588,233,1,Full
1228,0,170,1421,1339,7,0.541,588,233,1,Full
1229,0,171,1180,979,9,0.541,588,233,1,Full
1230,0,172,543,1950,8,0.541,588,233,1,Full
1231,0,173,625,171,6,0.541,588,233,1,Full
1232,0,174,635,583,6,0.541,588,233,1,Full
1233,0,175,2039,754,6,0.541,588,233,1,Full
1234,0,176,952,895,6,0.541,588,233,1,Full
1235,0,177,1518,990,6,0.541,588,233,1,Full
1236,0,178,1532,1276,6,0.541,588,233,1,Full
1237,0,179,920,1309,6,0.541,588,233,1,Full
1238,0,180,192,1480,6,0.541,588,233,1,Full
1239,0,181,941,1548,6,0.541,588,233,1,Full
1240,0,182,1286,1717,6,0.541,588,233,1,Full
1241,0,183,540,2010,6,0.541,588,233,1,Full
1242,0,184,539,903,7,0.536,588,233,1,Full
1243,0,185,852,28,6,0.536,588,233,1,Full
1244,0,186,1153,402,6,0.536,588,233,1,Full
1245,0,187,566,2037,7,0.536,588,233,1,Full
1246,0,188,200,65,10,0.536,588,233,1,Full
1247,0,189,1230,550,6,0.536,588,233,1,Full
1248,0,190,779,761,6,0.536,588,233,1,Full
1249,0,191,1160,1045,9,0.536,588,233,1,Full
1250,0,192,1995,768,6,0.536,588,233,1,Full
1251,0,193,1623,831,6,0.536,588,233,1,Full
1252,0,194,244,844,6,0.536,588,233,1,Full
1253,0,195,679,1030,6,0.536,588,233,1,Full
1254,0,196,1690,1099,6,0.536,588,233,1,Full
1255,0,197,158,1153,6,0.536,588,233,1,Full
1256,0,198,1760,587,10,0.536,588,233,1,Full
1257,0,199,1298,1290,6,0.536,588,233,1,Full
1258,0,200,945,1490,6,0.536,588,233,1,Full
1259,0,201,1563,1734,6,0.536,588,233,1,Full
1260,0,202,485,1919,6,0.536,588,233,1,Full
1261,0,203,1763,1180,8,0.532,588,233,1,Full
1262,0,204,647,162,6,0.532,588,233,1,Full
1263,0,205,1531,59,7,0.532,588,233,1,Full
1264,0,206,517,1979,8,0.532,588,233,1,Full
1265,0,207,869,192,6,0.532,588,233,1,Full
1266,0,208,1382,65,7,0.532,588,233,1,Full
1267,0,209,1775,124,9,0.532,588,233,1,Full
1268,0,210,1725,363,7,0.532,588,233,1,Full
1269,0,211,227,248,6,0.532,588,233,1,Full
1270,0,212,643,282,6,0.532,588,233,1,Full
1271,0,213,569,667,7,0.532,588,233,1,Full
1272,0,214,383,701,7,0.532,588,233,1,Full
1273,0,215,1462,358,6,0.532,588,233,1,Full
1274,0,216,1601,378,6,0.532,588,233,1,Full
1275,0,217,1361,461,6,0.532,588,233,1,Full
1276,0,218,1675,472,6,0.532,588,233,1,Full
1277,0,219,142,77,12,0.532,588,233,1,Full
1278,0,220,1413,907,7,0.532,588,233,1,Full
1279,0,221,1590,1287,7,0.532,588,233,1,Full
1280,0,222,309,1726,7,0.532,588,233,1,Full
1281,0,223,1337,1882,7,0.532,588,233,1,Full
1282,0,224,914,502,6,0.532,588,233,1,Full
1283,0,225,653,801,6,0.532,588,233,1,Full
1284,0,226,198,811,6,0.532,588,233,1,Full
1285,0,227,29,892,6,0.532,588,233,1,Full
1286,0,228,1746,1020,6,0.532,588,233,1,Full
1287,0,229,80,1104,6,0.532,588,233,1,Full
1288,0,230,321,1165,6,0.532,588,233,1,Full
1289,0,231,717,1299,6,0.532,588,233,1,Full
1290,0,232,95,1323,6,0.532,588,233,1,Full
1291,0,233,1297,1418,6,0.532,588,233,1,Full
1292,0,234,626,1462,6,0.532,588,233,1,Full
1293,0,235,945,1655,6,0.532,588,233,1,Full
1294,0,236,310,1933,6,0.532,588,233,1,Full
1295,0,237,225,127,7,0.528,588,233,1,Full
1296,0,238,1895,436,7,0.528,588,233,1,Full
1297,0,239,601,24,6,0.528,588,233,1,Full
1298,0,240,1732,594,7,0.528,588,233,1,Full
1299,0,241,1641,34,6,0.528,588,233,1,Full
1300,0,242,2005,681,8,0.528,588,233,1,Full
1301,0,243,2037,924,9,0.528,588,233,1,Full
1302,0,244,506,101,6,0.528,588,233,1,Full
1303,0,245,1945,825,7,0.528,588,233,1,Full
1304,0,246,1312,228,6,0.528,588,233,1,Full
1305,0,247,303,1317,7,0.528,588,233,1,Full
1306,0,248,1810,1706,7,0.528,588,233,1,Full
1307,0,249,935,1204,8,0.528,588,233,1,Full
1308,0,250,1398,395,6,0.528,588,233,1,Full
1309,0,251,546,678,6,0.528,588,233,1,Full
1310,0,252,132,763,6,0.528,588,233,1,Full
1311,0,253,910,833,6,0.528,588,233,1,Full
1312,0,254,157,835,6,0.528,588,233,1,Full
1313,0,255,865,856,6,0.528,588,233,1,Full
1314,0,256,718,898,6,0.528,588,233,1,Full
1315,0,257,256,901,6,0.528,588,233,1,Full
1316,0,258,1873,918,6,0.528,588,233,1,Full
1317,0,259,1459,992,6,0.528,588,233,1,Full
1318,0,260,1600,1149,6,0.528,588,233,1,Full
1319,0,261,1650,1154,6,0.528,588,233,1,Full
1320,0,262,526,1179,6,0.528,588,233,1,Full
1321,0,263,1320,1201,6,0.528,588,233,1,Full
1322,0,264,78,1236,6,0.528,588,233,1,Full
1323,0,265,1893,1272,6,0.528,588,233,1,Full
1324,0,266,381,1287,6,0.528,588,233,1,Full
1325,0,267,1079,1565,6,0.528,588,233,1,Full
1326,0,268,1499,1861,6,0.528,588,233,1,Full
1327,0,269,478,1886,6,0.528,588,233,1,Full
1328,0,270,950,2014,6,0.528,588,233,1,Full
1329,0,271,523,2040,6,0.528,588,233,1,Full
1330,0,272,1653,308,8,0.524,588,233,1,Full
1331,0,273,945,923,8,0.524,588,233,1,Full
1332,0,274,771,999,8,0.524,588,233,1,Full
1333,0,275,1339,438,9,0.524,588,233,1,Full
1334,0,276,1615,178,6,0.524,588,233,1,Full
1335,0,277,1368,184,6,0.524,588,233,1,Full
1336,0,278,610,193,6,0.524,588,233,1,Full
1337,0,279,978,250,6,0.524,588,233,1,Full
1338,0,280,1066,641,9,0.524,588,233,1,Full
1339,0,281,1853,1825,9,0.524,588,233,1,Full
1340,0,282,1795,417,7,0.524,588,233,1,Full
1341,0,283,1372,1276,8,0.524,588,233,1,Full
1342,0,284,846,338,6,0.524,588,233,1,Full
1343,0,285,2036,728,7,0.524,588,233,1,Full
1344,0,286,100,1934,9,0.524,588,233,1,Full
1345,0,287,2012,870,7,0.524,588,233,1,Full
1346,0,288,1543,461,6,0.524,588,233,1,Full
1347,0,289,167,947,7,0.524,588,233,1,Full
1348,0,290,902,1296,8,0.524,588,233,1,Full
1349,0,291,1892,526,6,0.524,588,233,1,Full
1350,0,292,1127,1027,7,0.524,588,233,1,Full
1351,0,293,1563,1307,8,0.524,588,233,1,Full
1352,0,294,203,644,6,0.524,588,233,1,Full
1353,0,295,692,704,6,0.524,588,233,1,Full
1354,0,296,1669,789,6,0.524,588,233,1,Full
1355,0,297,1629,792,6,0.524,588,233,1,Full
1356,0,298,698,1282,7,0.524,588,233,1,Full
1357,0,299,1735,852,6,0.524,588,233,1,Full
1358,0,300,153,1376,7,0.524,588,233,1,Full
1359,0,301,1869,1774,7,0.524,588,233,1,Full
1360,0,302,1373,928,6,0.524,588,233,1,Full
1361,0,303,682,1128,6,0.524,588,233,1,Full
1362,0,304,1885,1896,7,0.524,588,233,1,Full
1363,0,305,1230,1139,6,0.524,588,233,1,Full
1364,0,306,1426,1265,6,0.524,588,233,1,Full
1365,0,307,1443,1321,6,0.524,588,233,1,Full
1366,0,308,1298,1337,6,0.524,588,233,1,Full
1367,0,309,1917,1396,6,0.524,588,233,1,Full
1368,0,310,143,1482,6,0.524,588,233,1,Full
1369,0,311,671,1517,6,0.524,588,233,1,Full
1370,0,312,1102,1526,6,0.524,588,233,1,Full
1371,0,313,1937,1589,6,0.524,588,233,1,Full
1372,0,314,1115,1653,6,0.524,588,233,1,Full
1373,0,315,991,1656,6,0.524,588,233,1,Full
1374,0,316,240,1760,6,0.524,588,233,1,Full
1375,0,317,1061,1808,6,0.524,588,233,1,Full
1376,0,318,1254,1837,6,0.524,588,233,1,Full
1377,0,319,707,1849,6,0.524,588,233,1,Full
1378,0,320,735,1891,6,0.524,588,233,1,Full
1379,0,321,1511,290,7,0.519,588,233,1,Full
1380,0,322,1402,954,8,0.519,588,233,1,Full
1381,0,323,1668,954,8,0.519,588,233,1,Full
1382,0,324,1121,1032,8,0.519,588,233,1,Full
1383,0,325,1425,97,6,0.519,588,233,1,Full
1384,0,326,1170,442,7,0.519,588,233,1,Full
1385,0,327,570,1940,8,0.519,588,233,1,Full
1386,0,328,548,648,7,0.519,588,233,1,Full
1387,0,329,2016,174,6,0.519,588,233,1,Full
1388,0,330,880,652,7,0.519,588,233,1,Full
1389,0,331,1662,274,6,0.519,588,233,1,Full
1390,0,332,2007,518,6,0.519,588,233,1,Full
1391,0,333,1256,1091,7,0.519,588,233,1,Full
1392,0,334,938,1640,7,0.519,588,233,1,Full
1393,0,335,421,589,6,0.519,588,233,1,Full
1394,0,336,1780,657,6,0.519,588,233,1,Full
1395,0,337,1704,667,6,0.519,588,233,1,Full
1396,0,338,97,670,6,0.519,588,233,1,Full
1397,0,339,289,728,6,0.519,588,233,1,Full
1398,0,340,802,732,6,0.519,588,233,1,Full
1399,0,341,1745,747,6,0.519,588,233,1,Full
1400,0,342,1622,842,6,0.519,588,233,1,Full
1401,0,343,1414,885,6,0.519,588,233,1,Full
1402,0,344,1859,906,6,0.519,588,233,1,Full
1403,0,345,524,908,6,0.519,588,233,1,Full
1404,0,346,1506,1085,6,0.519,588,233,1,Full
1405,0,347,398,1347,6,0.519,588,233,1,Full
1406,0,348,1383,1672,6,0.519,588,233,1,Full
1407,0,349,530,1968,6,0.519,588,233,1,Full
1408,0,350,465,2005,6,0.519,588,233,1,Full
1409,0,351,916,2012,6,0.519,588,233,1,Full
1410,0,352,1399,14,6,0.515,588,233,1,Full
1411,0,353,889,1271,9,0.515,588,233,1,Full
1412,0,354,1362,426,8,0.515,588,233,1,Full
1413,0,355,1759,613,8,0.515,588,233,1,Full
1414,0,356,1027,28,6,0.515,588,233,1,Full
1415,0,357,1934,28,6,0.515,588,233,1,Full
1416,0,358,138,39,7,0.515,588,233,1,Full
1417,0,359,1921,47,7,0.515,588,233,1,Full
1418,0,360,831,51,6,0.515,588,233,1,Full
1419,0,361,507,111,6,0.515,588,233,1,Full
1420,0,362,807,1437,8,0.515,588,233,1,Full
1421,0,363,1462,224,6,0.515,588,233,1,Full
1422,0,364,1947,409,6,0.515,588,233,1,Full
1423,0,365,1075,212,10,0.515,588,233,1,Full
1424,0,366,1962,1711,10,0.515,588,233,1,Full
1425,0,367,140,454,7,0.515,588,233,1,Full
1426,0,368,819,509,6,0.515,588,233,1,Full
1427,0,369,1917,557,6,0.515,588,233,1,Full
1428,0,370,2000,500,7,0.515,588,233,1,Full
1429,0,371,116,521,7,0.515,588,233,1,Full
1430,0,372,127,882,7,0.515,588,233,1,Full
1431,0,373,22,896,7,0.515,588,233,1,Full
1432,0,374,81,587,6,0.515,588,233,1,Full
1433,0,375,1898,610,6,0.515,588,233,1,Full
1434,0,376,1116,937,7,0.515,588,233,1,Full
1435,0,377,1667,679,6,0.515,588,233,1,Full
1436,0,378,1774,680,6,0.515,588,233,1,Full
1437,0,379,1047,741,6,0.515,588,233,1,Full
1438,0,380,270,1067,7,0.515,588,233,1,Full
1439,0,381,1072,1234,7,0.515,588,233,1,Full
1440,0,382,1990,1254,7,0.515,588,233,1,Full
1441,0,383,1711,782,6,0.515,588,233,1,Full
1442,0,384,772,1464,7,0.515,588,233,1,Full
1443,0,385,360,1582,7,0.515,588,233,1,Full
1444,0,386,1745,802,6,0.515,588,233,1,Full
1445,0,387,1131,1667,7,0.515,588,233,1,Full
1446,0,388,1750,854,6,0.515,588,233,1,Full
1447,0,389,160,1776,7,0.515,588,233,1,Full
1448,0,390,548,1911,7,0.515,588,233,1,Full
1449,0,391,1967,2018,7,0.515,588,233,1,Full
1450,0,392,1812,1037,6,0.515,588,233,1,Full
1451,0,393,381,1097,6,0.515,588,233,1,Full
1452,0,394,829,1124,6,0.515,588,233,1,Full
1453,0,395,1360,1221,6,0.515,588,233,1,Full
1454,0,396,161,1321,6,0.515,588,233,1,Full
1455,0,397,1790,1356,6,0.515,588,233,1,Full
1456,0,398,196,1364,6,0.515,588,233,1,Full
1457,0,399,210,1383,6,0.515,588,233,1,Full
1458,0,400,636,1411,6,0.515,588,233,1,Full
1459,0,401,1456,1450,6,0.515,588,233,1,Full
1460,0,402,120,1454,6,0.515,588,233,1,Full
1461,0,403,308,1470,6,0.515,588,233,1,Full
1462,0,404,59,1474,6,0.515,588,233,1,Full
1463,0,405,609,1494,6,0.515,588,233,1,Full
1464,0,406,136,1704,6,0.515,588,233,1,Full
1465,0,407,1710,1879,6,0.515,588,233,1,Full
1466,0,408,1600,1909,6,0.515,588,233,1,Full
1467,0,409,652,1972,6,0.515,588,233,1,Full
1468,0,410,77,2027,6,0.515,588,233,1,Full
1469,0,411,463,18,6,0.511,588,233,1,Full
1470,0,412,1576,110,7,0.511,588,233,1,Full
1471,0,413,1703,765,9,0.511,588,233,1,Full
1472,0,414,1892,315,7,0.511,588,233,1,Full
1473,0,415,1254,323,6,0.511,588,233,1,Full
1474,0,416,1524,108,8,0.511,588,233,1,Full
1475,0,417,1719,376,7,0.511,588,233,1,Full
1476,0,418,991,543,7,0.511,588,233,1,Full
1477,0,419,1722,1264,8,0.511,588,233,1,Full
1478,0,420,1391,1113,9,0.511,588,233,1,Full
1479,0,421,71,1390,9,0.511,588,233,1,Full
1480,0,422,1013,1275,8,0.511,588,233,1,Full
1481,0,423,2014,591,7,0.511,588,233,1,Full
1482,0,424,1169,1283,8,0.511,588,233,1,Full
1483,0,425,1369,371,6,0.511,588,233,1,Full
1484,0,426,1696,785,7,0.511,588,233,1,Full
1485,0,427,1336,1079,7,0.511,588,233,1,Full
1486,0,428,91,397,6,0.511,588,233,1,Full
1487,0,429,1011,411,6,0.511,588,233,1,Full
1488,0,430,255,1468,8,0.511,588,233,1,Full
1489,0,431,756,428,6,0.511,588,233,1,Full
1490,0,432,1278,543,6,0.511,588,233,1,Full
1491,0,433,2020,1133,7,0.511,588,233,1,Full
1492,0,434,1130,1414,10,0.511,588,233,1,Full
1493,0,435,1583,1349,7,0.511,588,233,1,Full
1494,0,436,1853,1375,7,0.511,588,233,1,Full
1495,0,437,352,1414,7,0.511,588,233,1,Full
1496,0,438,121,1550,7,0.511,588,233,1,Full
1497,0,439,749,608,6,0.511,588,233,1,Full
1498,0,440,487,1554,7,0.511,588,233,1,Full
1499,0,441,764,1555,7,0.511,588,233,1,Full
1500,0,442,1172,1764,7,0.511,588,233,1,Full
1501,0,443,1451,670,6,0.511,588,233,1,Full
1502,0,444,2016,836,6,0.511,588,233,1,Full
1503,0,445,1384,841,6,0.511,588,233,1,Full
1504,0,446,755,931,6,0.511,588,233,1,Full
1505,0,447,440,1062,6,0.511,588,233,1,Full
1506,0,448,1412,1163,6,0.511,588,233,1,Full
1507,0,449,1523,1176,6,0.511,588,233,1,Full
1508,0,450,31,1225,6,0.511,588,233,1,Full
1509,0,451,252,1277,6,0.511,588,233,1,Full
1510,0,452,1387,1281,6,0.511,588,233,1,Full
1511,0,453,236,1302,6,0.511,588,233,1,Full
1512,0,454,662,1312,6,0.511,588,233,1,Full
1513,0,455,13,1330,6,0.511,588,233,1,Full
1514,0,456,1008,1362,6,0.511,588,233,1,Full
1515,0,457,1906,1392,6,0.511,588,233,1,Full
1516,0,458,759,1428,6,0.511,588,233,1,Full
1517,0,459,970,1714,6,0.511,588,233,1,Full
1518,0,460,1565,1720,6,0.511,588,233,1,Full
1519,0,461,1421,1723,6,0.511,588,233,1,Full
1520,0,462,834,1834,6,0.511,588,233,1,Full
1521,0,463,1701,1875,6,0.511,588,233,1,Full
1522,0,464,525,1934,6,0.511,588,233,1,Full
1523,0,465,74,329,8,0.506,588,233,1,Full
1524,0,466,16,59,6,0.506,588,233,1,Full
1525,0,467,1811,88,6,0.506,588,233,1,Full
1526,0,468,1970,104,6,0.506,588,233,1,Full
1527,0,469,17,570,8,0.506,588,233,1,Full
1528,0,470,2021,643,9,0.506,588,233,1,Full
1529,0,471,1630,771,8,0.506,588,233,1,Full
1530,0,472,1689,1264,8,0.506,588,233,1,Full
1531,0,473,342,154,6,0.506,588,233,1,Full
1532,0,474,1853,19,7,0.506,588,233,1,Full
1533,0,475,856,723,9,0.506,588,233,1,Full
1534,0,476,1311,95,7,0.506,588,233,1,Full
1535,0,477,1501,1029,9,0.506,588,233,1,Full
1536,0,478,83,1527,8,0.506,588,233,1,Full
1537,0,479,1769,1269,9,0.506,588,233,1,Full
1538,0,480,483,1772,8,0.506,588,233,1,Full
1539,0,481,1383,1410,9,0.506,588,233,1,Full
1540,0,482,1541,225,6,0.506,588,233,1,Full
1541,0,483,1565,236,6,0.506,588,233,1,Full
1542,0,484,872,258,6,0.506,588,233,1,Full
1543,0,485,1693,456,6,0.506,588,233,1,Full
1544,0,486,1978,266,7,0.506,588,233,1,Full
1545,0,487,1299,547,6,0.506,588,233,1,Full
1546,0,488,2022,580,7,0.506,588,233,1,Full
1547,0,489,1712,578,6,0.506,588,233,1,Full
1548,0,490,34,655,6,0.506,588,233,1,Full
1549,0,491,1922,602,7,0.506,588,233,1,Full
1550,0,492,62,665,6,0.506,588,233,1,Full
1551,0,493,721,736,7,0.506,588,233,1,Full
1552,0,494,1846,716,6,0.506,588,233,1,Full
1553,0,495,242,762,7,0.506,588,233,1,Full
1554,0,496,1921,765,7,0.506,588,233,1,Full
1555,0,497,936,801,6,0.506,588,233,1,Full
1556,0,498,1089,1022,7,0.506,588,233,1,Full
1557,0,499,2033,1012,6,0.506,588,233,1,Full
1558,0,500,472,1200,7,0.506,588,233,1,Full
1559,0,501,794,1072,6,0.506,588,233,1,Full
1560,0,502,1079,1232,7,0.506,588,233,1,Full
1561,0,503,1438,1082,6,0.506,588,233,1,Full
1562,0,504,744,1090,6,0.506,588,233,1,Full
1563,0,505,127,1134,6,0.506,588,233,1,Full
1564,0,506,1535,1166,6,0.506,588,233,1,Full
1565,0,507,186,1253,7,0.506,588,233,1,Full
1566,0,508,1951,1170,6,0.506,588,233,1,Full
1567,0,509,535,1172,6,0.506,588,233,1,Full
1568,0,510,463,1196,6,0.506,588,233,1,Full
1569,0,511,215,1348,7,0.506,588,233,1,Full
1570,0,512,481,1209,6,0.506,588,233,1,Full
1571,0,513,340,1373,7,0.506,588,233,1,Full
1572,0,514,1480,1222,6,0.506,588,233,1,Full
1573,0,515,1270,1396,7,0.506,588,233,1,Full
1574,0,516,737,1494,7,0.506,588,233,1,Full
1575,0,517,2001,1752,7,0.506,588,233,1,Full
1576,0,518,888,2019,7,0.506,588,233,1,Full
1577,0,519,1607,1253,6,0.506,588,233,1,Full
1578,0,520,608,1265,6,0.506,588,233,1,Full
1579,0,521,673,1291,6,0.506,588,233,1,Full
1580,0,522,956,1305,6,0.506,588,233,1,Full
1581,0,523,1718,1346,6,0.506,588,233,1,Full
1582,0,524,1284,1351,6,0.506,588,233,1,Full
1583,0,525,1430,1372,6,0.506,588,233,1,Full
1584,0,526,1462,1780,6,0.506,588,233,1,Full
1585,0,527,358,7,6,0.502,588,233,1,Full
1586,0,528,344,371,8,0.502,588,233,1,Full
1587,0,529,1032,253,7,0.502,588,233,1,Full
1588,0,530,192,566,11,0.502,588,233,1,Full
1589,0,531,1248,749,7,0.502,588,233,1,Full
1590,0,532,162,533,8,0.502,588,233,1,Full
1591,0,533,1915,1823,10,0.502,588,233,1,Full
1592,0,534,1353,615,8,0.502,588,233,1,Full
1593,0,535,1507,766,7,0.502,588,233,1,Full
1594,0,536,1738,826,7,0.502,588,233,1,Full
1595,0,537,689,44,6,0.502,588,233,1,Full
1596,0,538,224,853,7,0.502,588,233,1,Full
1597,0,539,791,1008,7,0.502,588,233,1,Full
1598,0,540,626,1131,7,0.502,588,233,1,Full
1599,0,541,1942,54,6,0.502,588,233,1,Full
1600,0,542,1927,56,6,0.502,588,233,1,Full
1601,0,543,916,348,6,0.502,588,233,1,Full
1602,0,544,1551,1149,7,0.502,588,233,1,Full
1603,0,545,1355,369,6,0.502,588,233,1,Full
1604,0,546,26,1177,7,0.502,588,233,1,Full
1605,0,547,558,1334,7,0.502,588,233,1,Full
1606,0,548,130,1480,7,0.502,588,233,1,Full
1607,0,549,815,1494,7,0.502,588,233,1,Full
1608,0,550,1940,388,6,0.502,588,233,1,Full
1609,0,551,1387,1533,7,0.502,588,233,1,Full
1610,0,552,760,1705,7,0.502,588,233,1,Full
1611,0,553,260,1833,7,0.502,588,233,1,Full
1612,0,554,2013,521,6,0.502,588,233,1,Full
1613,0,555,318,1846,7,0.502,588,233,1,Full
1614,0,556,794,525,6,0.502,588,233,1,Full
1615,0,557,1994,535,6,0.502,588,233,1,Full
1616,0,558,2038,553,6,0.502,588,233,1,Full
1617,0,559,329,715,6,0.502,588,233,1,Full
1618,0,560,2010,756,6,0.502,588,233,1,Full
1619,0,561,626,776,6,0.502,588,233,1,Full
1620,0,562,1603,869,6,0.502,588,233,1,Full
1621,0,563,682,924,6,0.502,588,233,1,Full
1622,0,564,1726,928,6,0.502,588,233,1,Full
1623,0,565,1686,939,6,0.502,588,233,1,Full
1624,0,566,517,950,6,0.502,588,233,1,Full
1625,0,567,1469,980,6,0.502,588,233,1,Full
1626,0,568,1777,1038,6,0.502,588,233,1,Full
1627,0,569,1391,1081,6,0.502,588,233,1,Full
1628,0,570,1829,1081,6,0.502,588,233,1,Full
1629,0,571,1709,1083,6,0.502,588,233,1,Full
1630,0,572,1263,1101,6,0.502,588,233,1,Full
1631,0,573,1212,1125,6,0.502,588,233,1,Full
1632,0,574,1293,1139,6,0.502,588,233,1,Full
1633,0,575,1888,1200,6,0.502,588,233,1,Full
1634,0,576,1229,1211,6,0.502,588,233,1,Full
1635,0,577,1611,1247,6,0.502,588,233,1,Full
1636,0,578,1868,1309,6,0.502,588,233,1,Full
1637,0,579,1901,1346,6,0.502,588,233,1,Full
1638,0,580,1732,1360,6,0.502,588,233,1,Full
1639,0,581,533,1504,6,0.502,588,233,1,Full
1640,0,582,1457,1542,6,0.502,588,233,1,Full
1641,0,583,746,1574,6,0.502,588,233,1,Full
1642,0,584,1054,1675,6,0.502,588,233,1,Full
1643,0,585,629,1853,6,0.502,588,233,1,Full
1644,0,586,1078,1853,6,0.502,588,233,1,Full
1645,0,587,1528,1856,6,0.502,588,233,1,Full
1646,0,588,56,1894,6,0.502,588,233,1,Full
1647,Berkeley_Hydroflattened_OCMDEM_11_15_1004,0,0,0,0,0.000,0,0,0,0
1648,0,1,46,1448,7,0.734,430,233,1,Full
1649,0,2,395,588,6,0.717,430,233,1,Full
1650,0,3,437,1279,8,0.708,430,233,1,Full
1651,0,4,1966,1457,8,0.708,430,233,1,Full
1652,0,5,832,1216,11,0.704,430,233,1,Full
1653,0,6,355,1469,8,0.704,430,233,1,Full
1654,0,7,642,624,6,0.695,430,233,1,Full
1655,0,8,394,1303,9,0.691,430,233,1,Full
1656,0,9,100,631,6,0.678,430,233,1,Full
1657,0,10,1200,1246,7,0.674,430,233,1,Full
1658,0,11,443,584,6,0.657,430,233,1,Full
1659,0,12,71,1502,7,0.652,430,233,1,Full
1660,0,13,144,1527,8,0.652,430,233,1,Full
1661,0,14,2004,1495,6,0.652,430,233,1,Full
1662,0,15,686,1965,6,0.648,430,233,1,Full
1663,0,16,1915,115,6,0.644,430,233,1,Full
1664,0,17,1962,943,7,0.639,430,233,1,Full
1665,0,18,2014,1428,6,0.635,430,233,1,Full
1666,0,19,843,256,6,0.627,430,233,1,Full
1667,0,20,1332,895,6,0.627,430,233,1,Full
1668,0,21,586,1288,6,0.618,430,233,1,Full
1669,0,22,1730,482,6,0.614,430,233,1,Full
1670,0,23,604,408,7,0.605,430,233,1,Full
1671,0,24,231,382,7,0.601,430,233,1,Full
1672,0,25,32,693,6,0.597,430,233,1,Full
1673,0,26,2031,816,6,0.597,430,233,1,Full
1674,0,27,631,1040,6,0.597,430,233,1,Full
1675,0,28,50,549,10,0.592,430,233,1,Full
1676,0,29,1115,1038,7,0.592,430,233,1,Full
1677,0,30,1848,224,6,0.588,430,233,1,Full
1678,0,31,1360,484,6,0.588,430,233,1,Full
1679,0,32,914,293,7,0.588,430,233,1,Full
1680,0,33,1592,1279,6,0.588,430,233,1,Full
1681,0,34,943,1809,6,0.588,430,233,1,Full
1682,0,35,1517,904,9,0.588,430,233,1,Full
1683,0,36,385,2011,8,0.584,430,233,1,Full
1684,0,37,1321,398,7,0.584,430,233,1,Full
1685,0,38,526,1807,7,0.584,430,233,1,Full
1686,0,39,211,110,6,0.584,430,233,1,Full
1687,0,40,98,364,6,0.584,430,233,1,Full
1688,0,41,241,703,6,0.579,430,233,1,Full
1689,0,42,1001,956,8,0.579,430,233,1,Full
1690,0,43,1265,970,6,0.579,430,233,1,Full
1691,0,44,1816,1030,8,0.579,430,233,1,Full
1692,0,45,131,1151,6,0.579,430,233,1,Full
1693,0,46,639,1752,6,0.579,430,233,1,Full
1694,0,47,80,264,7,0.575,430,233,1,Full
1695,0,48,1982,9,6,0.575,430,233,1,Full
1696,0,49,54,639,6,0.575,430,233,1,Full
1697,0,50,304,756,7,0.575,430,233,1,Full
1698,0,51,1218,974,7,0.575,430,233,1,Full
1699,0,52,132,1171,6,0.575,430,233,1,Full
1700,0,53,2024,280,10,0.571,430,233,1,Full
1701,0,54,1486,139,6,0.571,430,233,1,Full
1702,0,55,714,260,7,0.571,430,233,1,Full
1703,0,56,879,699,7,0.571,430,233,1,Full
1704,0,57,1908,1264,6,0.571,430,233,1,Full
1705,0,58,1007,1308,6,0.571,430,233,1,Full
1706,0,59,1466,1646,7,0.571,430,233,1,Full
1707,0,60,262,1502,6,0.571,430,233,1,Full
1708,0,61,660,1284,7,0.567,430,233,1,Full
1709,0,62,711,1368,8,0.567,430,233,1,Full
1710,0,63,1795,400,6,0.567,430,233,1,Full
1711,0,64,447,1367,7,0.567,430,233,1,Full
1712,0,65,1593,1131,11,0.567,430,233,1,Full
1713,0,66,150,584,6,0.567,430,233,1,Full
1714,0,67,521,643,6,0.567,430,233,1,Full
1715,0,68,181,674,6,0.567,430,233,1,Full
1716,0,69,2010,1375,6,0.567,430,233,1,Full
1717,0,70,723,1485,6,0.567,430,233,1,Full
1718,0,71,24,1995,6,0.567,430,233,1,Full
1719,0,72,1169,79,6,0.562,430,233,1,Full
1720,0,73,788,328,6,0.562,430,233,1,Full
1721,0,74,1170,550,6,0.562,430,233,1,Full
1722,0,75,1480,137,7,0.562,430,233,1,Full
1723,0,76,1814,907,6,0.562,430,233,1,Full
1724,0,77,1444,987,6,0.562,430,233,1,Full
1725,0,78,785,142,7,0.562,430,233,1,Full
1726,0,79,1526,716,7,0.562,430,233,1,Full
1727,0,80,1195,1463,6,0.562,430,233,1,Full
1728,0,81,1517,1493,7,0.562,430,233,1,Full
1729,0,82,1684,50,8,0.558,430,233,1,Full
1730,0,83,753,199,6,0.558,430,233,1,Full
1731,0,84,1381,860,8,0.558,430,233,1,Full
1732,0,85,609,531,7,0.558,430,233,1,Full
1733,0,86,1767,850,7,0.558,430,233,1,Full
1734,0,87,155,1423,7,0.558,430,233,1,Full
1735,0,88,14,588,6,0.558,430,233,1,Full
1736,0,89,1877,680,6,0.558,430,233,1,Full
1737,0,90,847,845,6,0.558,430,233,1,Full
1738,0,91,175,1041,6,0.558,430,233,1,Full
1739,0,92,254,1653,7,0.554,430,233,1,Full
1740,0,93,106,891,14,0.554,430,233,1,Full
1741,0,94,1503,540,6,0.554,430,233,1,Full
1742,0,95,1434,623,6,0.554,430,233,1,Full
1743,0,96,1720,693,6,0.554,430,233,1,Full
1744,0,97,888,998,6,0.554,430,233,1,Full
1745,0,98,474,1077,6,0.554,430,233,1,Full
1746,0,99,56,1271,6,0.554,430,233,1,Full
1747,0,100,588,1445,6,0.554,430,233,1,Full
1748,0,101,2036,1546,6,0.554,430,233,1,Full
1749,0,102,2014,1647,6,0.554,430,233,1,Full
1750,0,103,1912,1452,7,0.549,430,233,1,Full
1751,0,104,125,54,6,0.549,430,233,1,Full
1752,0,105,1468,104,6,0.549,430,233,1,Full
1753,0,106,1955,1463,7,0.549,430,233,1,Full
1754,0,107,1294,1920,7,0.549,430,233,1,Full
1755,0,108,1121,325,6,0.549,430,233,1,Full
1756,0,109,353,335,6,0.549,430,233,1,Full
1757,0,110,1656,352,6,0.549,430,233,1,Full
1758,0,111,163,538,6,0.549,430,233,1,Full
1759,0,112,69,671,6,0.549,430,233,1,Full
1760,0,113,717,870,6,0.549,430,233,1,Full
1761,0,114,1470,878,6,0.549,430,233,1,Full
1762,0,115,865,1275,6,0.549,430,233,1,Full
1763,0,116,52,1617,6,0.549,430,233,1,Full
1764,0,117,561,1651,6,0.549,430,233,1,Full
1765,0,118,925,2036,6,0.549,430,233,1,Full
1766,0,119,843,509,6,0.545,430,233,1,Full
1767,0,120,1372,537,6,0.545,430,233,1,Full
1768,0,121,1461,608,6,0.545,430,233,1,Full
1769,0,122,188,39,7,0.545,430,233,1,Full
1770,0,123,197,1608,7,0.545,430,233,1,Full
1771,0,124,2029,829,6,0.545,430,233,1,Full
1772,0,125,929,1686,9,0.545,430,233,1,Full
1773,0,126,72,1057,6,0.545,430,233,1,Full
1774,0,127,45,728,10,0.545,430,233,1,Full
1775,0,128,2031,643,8,0.545,430,233,1,Full
1776,0,129,1473,1766,6,0.545,430,233,1,Full
1777,0,130,1300,1164,8,0.545,430,233,1,Full
1778,0,131,1799,1807,7,0.545,430,233,1,Full
1779,0,132,855,1577,8,0.545,430,233,1,Full
1780,0,133,332,491,8,0.541,430,233,1,Full
1781,0,134,401,53,6,0.541,430,233,1,Full
1782,0,135,1822,35,7,0.541,430,233,1,Full
1783,0,136,311,212,6,0.541,430,233,1,Full
1784,0,137,1807,89,7,0.541,430,233,1,Full
1785,0,138,1719,293,6,0.541,430,233,1,Full
1786,0,139,1708,320,6,0.541,430,233,1,Full
1787,0,140,1402,168,7,0.541,430,233,1,Full
1788,0,141,1686,323,6,0.541,430,233,1,Full
1789,0,142,830,1785,7,0.541,430,233,1,Full
1790,0,143,295,382,6,0.541,430,233,1,Full
1791,0,144,1766,555,6,0.541,430,233,1,Full
1792,0,145,1374,846,6,0.541,430,233,1,Full
1793,0,146,1902,1295,6,0.541,430,233,1,Full
1794,0,147,731,1512,6,0.541,430,233,1,Full
1795,0,148,196,402,8,0.536,430,233,1,Full
1796,0,149,1272,366,6,0.536,430,233,1,Full
1797,0,150,1210,738,8,0.536,430,233,1,Full
1798,0,151,1931,1447,8,0.536,430,233,1,Full
1799,0,152,296,662,6,0.536,430,233,1,Full
1800,0,153,1524,693,6,0.536,430,233,1,Full
1801,0,154,1770,340,7,0.536,430,233,1,Full
1802,0,155,99,557,7,0.536,430,233,1,Full
1803,0,156,1653,898,6,0.536,430,233,1,Full
1804,0,157,1009,866,7,0.536,430,233,1,Full
1805,0,158,263,936,6,0.536,430,233,1,Full
1806,0,159,1176,1327,7,0.536,430,233,1,Full
1807,0,160,1533,951,6,0.536,430,233,1,Full
1808,0,161,1582,1550,7,0.536,430,233,1,Full
1809,0,162,1715,1095,6,0.536,430,233,1,Full
1810,0,163,364,1184,6,0.536,430,233,1,Full
1811,0,164,268,1522,6,0.536,430,233,1,Full
1812,0,165,386,28,6,0.532,430,233,1,Full
1813,0,166,1065,598,7,0.532,430,233,1,Full
1814,0,167,214,346,8,0.532,430,233,1,Full
1815,0,168,1738,519,10,0.532,430,233,1,Full
1816,0,169,1388,498,11,0.532,430,233,1,Full
1817,0,170,442,458,8,0.532,430,233,1,Full
1818,0,171,1481,871,8,0.532,430,233,1,Full
1819,0,172,1963,1206,8,0.532,430,233,1,Full
1820,0,173,499,652,7,0.532,430,233,1,Full
1821,0,174,677,1126,7,0.532,430,233,1,Full
1822,0,175,286,34,6,0.532,430,233,1,Full
1823,0,176,1043,1896,7,0.532,430,233,1,Full
1824,0,177,952,39,6,0.532,430,233,1,Full
1825,0,178,1408,100,6,0.532,430,233,1,Full
1826,0,179,1448,1207,8,0.532,430,233,1,Full
1827,0,180,274,1941,7,0.532,430,233,1,Full
1828,0,181,727,101,6,0.532,430,233,1,Full
1829,0,182,667,248,6,0.532,430,233,1,Full
1830,0,183,1389,370,6,0.532,430,233,1,Full
1831,0,184,736,380,6,0.532,430,233,1,Full
1832,0,185,420,722,6,0.532,430,233,1,Full
1833,0,186,789,779,6,0.532,430,233,1,Full
1834,0,187,800,821,6,0.532,430,233,1,Full
1835,0,188,550,824,6,0.532,430,233,1,Full
1836,0,189,1289,936,6,0.532,430,233,1,Full
1837,0,190,2023,1272,6,0.532,430,233,1,Full
1838,0,191,13,1446,6,0.532,430,233,1,Full
1839,0,192,2038,1454,6,0.532,430,233,1,Full
1840,0,193,1454,1458,6,0.532,430,233,1,Full
1841,0,194,1395,1630,6,0.532,430,233,1,Full
1842,0,195,1464,1763,6,0.532,430,233,1,Full
1843,0,196,21,2033,6,0.532,430,233,1,Full
1844,0,197,754,103,7,0.528,430,233,1,Full
1845,0,198,1319,139,7,0.528,430,233,1,Full
1846,0,199,59,218,6,0.528,430,233,1,Full
1847,0,200,1844,281,6,0.528,430,233,1,Full
1848,0,201,2015,160,7,0.528,430,233,1,Full
1849,0,202,1313,408,6,0.528,430,233,1,Full
1850,0,203,1082,1283,9,0.528,430,233,1,Full
1851,0,204,1484,1194,8,0.528,430,233,1,Full
1852,0,205,1951,1525,10,0.528,430,233,1,Full
1853,0,206,1564,421,6,0.528,430,233,1,Full
1854,0,207,1932,831,7,0.528,430,233,1,Full
1855,0,208,1033,924,7,0.528,430,233,1,Full
1856,0,209,1218,1656,8,0.528,430,233,1,Full
1857,0,210,1885,504,6,0.528,430,233,1,Full
1858,0,211,1689,577,6,0.528,430,233,1,Full
1859,0,212,62,838,11,0.528,430,233,1,Full
1860,0,213,898,722,6,0.528,430,233,1,Full
1861,0,214,18,758,6,0.528,430,233,1,Full
1862,0,215,1481,1721,7,0.528,430,233,1,Full
1863,0,216,663,1141,6,0.528,430,233,1,Full
1864,0,217,1009,2013,7,0.528,430,233,1,Full
1865,0,218,752,1484,6,0.528,430,233,1,Full
1866,0,219,176,1512,6,0.528,430,233,1,Full
1867,0,220,59,82,6,0.524,430,233,1,Full
1868,0,221,1065,129,7,0.524,430,233,1,Full
1869,0,222,1466,980,7,0.524,430,233,1,Full
1870,0,223,1846,124,6,0.524,430,233,1,Full
1871,0,224,1884,215,6,0.524,430,233,1,Full
1872,0,225,237,1037,7,0.524,430,233,1,Full
1873,0,226,1665,643,8,0.524,430,233,1,Full
1874,0,227,982,1077,8,0.524,430,233,1,Full
1875,0,228,2028,373,6,0.524,430,233,1,Full
1876,0,229,122,1153,7,0.524,430,233,1,Full
1877,0,230,258,550,6,0.524,430,233,1,Full
1878,0,231,1068,1307,7,0.524,430,233,1,Full
1879,0,232,1966,1589,8,0.524,430,233,1,Full
1880,0,233,1778,1411,7,0.524,430,233,1,Full
1881,0,234,747,1726,7,0.524,430,233,1,Full
1882,0,235,1662,2010,7,0.524,430,233,1,Full
1883,0,236,338,604,6,0.524,430,233,1,Full
1884,0,237,563,645,6,0.524,430,233,1,Full
1885,0,238,799,749,6,0.524,430,233,1,Full
1886,0,239,1336,786,6,0.524,430,233,1,Full
1887,0,240,182,872,6,0.524,430,233,1,Full
1888,0,241,863,932,6,0.524,430,233,1,Full
1889,0,242,630,994,6,0.524,430,233,1,Full
1890,0,243,268,1103,6,0.524,430,233,1,Full
1891,0,244,1581,1174,6,0.524,430,233,1,Full
1892,0,245,71,1220,6,0.524,430,233,1,Full
1893,0,246,711,1347,6,0.524,430,233,1,Full
1894,0,247,1831,1504,6,0.524,430,233,1,Full
1895,0,248,1553,1595,6,0.524,430,233,1,Full
1896,0,249,1493,1643,6,0.524,430,233,1,Full
1897,0,250,1067,1796,6,0.524,430,233,1,Full
1898,0,251,2004,2036,6,0.524,430,233,1,Full
1899,0,252,1982,609,9,0.519,430,233,1,Full
1900,0,253,540,362,7,0.519,430,233,1,Full
1901,0,254,835,142,6,0.519,430,233,1,Full
1902,0,255,767,166,6,0.519,430,233,1,Full
1903,0,256,543,565,7,0.519,430,233,1,Full
1904,0,257,1466,33,8,0.519,430,233,1,Full
1905,0,258,447,620,7,0.519,430,233,1,Full
1906,0,259,1225,64,8,0.519,430,233,1,Full
1907,0,260,1430,896,8,0.519,430,233,1,Full
1908,0,261,1234,1204,8,0.519,430,233,1,Full
1909,0,262,333,390,10,0.519,430,233,1,Full
1910,0,263,2026,729,7,0.519,430,233,1,Full
1911,0,264,1887,204,6,0.519,430,233,1,Full
1912,0,265,1931,1426,8,0.519,430,233,1,Full
1913,0,266,1045,1954,8,0.519,430,233,1,Full
1914,0,267,672,430,6,0.519,430,233,1,Full
1915,0,268,1537,445,6,0.519,430,233,1,Full
1916,0,269,1036,834,7,0.519,430,233,1,Full
1917,0,270,55,1138,7,0.519,430,233,1,Full
1918,0,271,1095,497,6,0.519,430,233,1,Full
1919,0,272,934,1195,6,0.519,430,233,1,Full
1920,0,273,1764,1291,6,0.519,430,233,1,Full
1921,0,274,1809,1319,6,0.519,430,233,1,Full
1922,0,275,1884,1461,6,0.519,430,233,1,Full
1923,0,276,1391,1560,6,0.519,430,233,1,Full
1924,0,277,1875,1570,6,0.519,430,233,1,Full
1925,0,278,1995,1570,6,0.519,430,233,1,Full
1926,0,279,131,1606,6,0.519,430,233,1,Full
1927,0,280,26,1678,6,0.519,430,233,1,Full
1928,0,281,743,1891,6,0.519,430,233,1,Full
1929,0,282,27,297,9,0.515,430,233,1,Full
1930,0,283,1976,36,7,0.515,430,233,1,Full
1931,0,284,730,284,8,0.515,430,233,1,Full
1932,0,285,1769,45,7,0.515,430,233,1,Full
1933,0,286,1141,21,6,0.515,430,233,1,Full
1934,0,287,467,537,8,0.515,430,233,1,Full
1935,0,288,319,153,7,0.515,430,233,1,Full
1936,0,289,1204,386,7,0.515,430,233,1,Full
1937,0,290,1570,613,8,0.515,430,233,1,Full
1938,0,291,207,600,7,0.515,430,233,1,Full
1939,0,292,394,103,6,0.515,430,233,1,Full
1940,0,293,759,1860,10,0.515,430,233,1,Full
1941,0,294,673,845,7,0.515,430,233,1,Full
1942,0,295,1942,220,6,0.515,430,233,1,Full
1943,0,296,448,945,7,0.515,430,233,1,Full
1944,0,297,157,246,6,0.515,430,233,1,Full
1945,0,298,1212,1000,7,0.515,430,233,1,Full
1946,0,299,2040,524,6,0.515,430,233,1,Full
1947,0,300,2018,757,6,0.515,430,233,1,Full
1948,0,301,105,795,6,0.515,430,233,1,Full
1949,0,302,1493,835,6,0.515,430,233,1,Full
1950,0,303,210,850,6,0.515,430,233,1,Full
1951,0,304,1060,894,6,0.515,430,233,1,Full
1952,0,305,961,1011,6,0.515,430,233,1,Full
1953,0,306,1457,1021,6,0.515,430,233,1,Full
1954,0,307,742,1307,6,0.515,430,233,1,Full
1955,0,308,384,1313,6,0.515,430,233,1,Full
1956,0,309,2017,1322,6,0.515,430,233,1,Full
1957,0,310,780,1364,6,0.515,430,233,1,Full
1958,0,311,1416,1467,6,0.515,430,233,1,Full
1959,0,312,277,1537,6,0.515,430,233,1,Full
1960,0,313,285,1816,6,0.515,430,233,1,Full
1961,0,314,1662,117,9,0.511,430,233,1,Full
1962,0,315,1203,104,7,0.511,430,233,1,Full
1963,0,316,105,249,7,0.511,430,233,1,Full
1964,0,317,367,1002,10,0.511,430,233,1,Full
1965,0,318,1363,33,6,0.511,430,233,1,Full
1966,0,319,1978,52,6,0.511,430,233,1,Full
1967,0,320,1680,1756,8,0.511,430,233,1,Full
1968,0,321,711,1798,11,0.511,430,233,1,Full
1969,0,322,1543,164,6,0.511,430,233,1,Full
1970,0,323,1264,536,7,0.511,430,233,1,Full
1971,0,324,861,584,7,0.511,430,233,1,Full
1972,0,325,450,598,7,0.511,430,233,1,Full
1973,0,326,1084,620,7,0.511,430,233,1,Full
1974,0,327,366,658,7,0.511,430,233,1,Full
1975,0,328,136,230,6,0.511,430,233,1,Full
1976,0,329,1571,257,6,0.511,430,233,1,Full
1977,0,330,1854,374,6,0.511,430,233,1,Full
1978,0,331,979,420,6,0.511,430,233,1,Full
1979,0,332,1812,546,6,0.511,430,233,1,Full
1980,0,333,96,1176,7,0.511,430,233,1,Full
1981,0,334,2021,1211,7,0.511,430,233,1,Full
1982,0,335,582,1441,7,0.511,430,233,1,Full
1983,0,336,1901,1526,7,0.511,430,233,1,Full
1984,0,337,1964,1560,7,0.511,430,233,1,Full
1985,0,338,1192,1639,7,0.511,430,233,1,Full
1986,0,339,1402,1770,7,0.511,430,233,1,Full
1987,0,340,1662,1133,6,0.511,430,233,1,Full
1988,0,341,846,1831,7,0.511,430,233,1,Full
1989,0,342,850,1368,6,0.511,430,233,1,Full
1990,0,343,610,1470,6,0.511,430,233,1,Full
1991,0,344,1529,1489,6,0.511,430,233,1,Full
1992,0,345,1249,1570,6,0.511,430,233,1,Full
1993,0,346,1494,1774,6,0.511,430,233,1,Full
1994,0,347,76,1836,6,0.511,430,233,1,Full
1995,0,348,1756,2019,6,0.511,430,233,1,Full
1996,0,349,906,2027,6,0.511,430,233,1,Full
1997,0,350,1028,854,9,0.506,430,233,1,Full
1998,0,351,385,16,7,0.506,430,233,1,Full
1999,0,352,1715,511,8,0.506,430,233,1,Full
2000,0,353,1123,13,6,0.506,430,233,1,Full
2001,0,354,1051,587,8,0.506,430,233,1,Full
2002,0,355,1591,990,10,0.506,430,233,1,Full
2003,0,356,1241,239,7,0.506,430,233,1,Full
2004,0,357,1488,690,8,0.506,430,233,1,Full
2005,0,358,321,26,6,0.506,430,233,1,Full
2006,0,359,1608,735,8,0.506,430,233,1,Full
2007,0,360,1575,274,7,0.506,430,233,1,Full
2008,0,361,1900,732,7,0.506,430,233,1,Full
2009,0,362,681,738,7,0.506,430,233,1,Full
2010,0,363,285,983,7,0.506,430,233,1,Full
2011,0,364,559,800,8,0.506,430,233,1,Full
2012,0,365,383,1106,7,0.506,430,233,1,Full
2013,0,366,1173,40,6,0.506,430,233,1,Full
2014,0,367,250,128,6,0.506,430,233,1,Full
2015,0,368,1124,149,6,0.506,430,233,1,Full
2016,0,369,1897,187,6,0.506,430,233,1,Full
2017,0,370,1938,1401,8,0.506,430,233,1,Full
2018,0,371,1981,266,6,0.506,430,233,1,Full
2019,0,372,1611,1209,7,0.506,430,233,1,Full
2020,0,373,1628,1516,7,0.506,430,233,1,Full
2021,0,374,1836,1536,7,0.506,430,233,1,Full
2022,0,375,1202,1973,7,0.506,430,233,1,Full
2023,0,376,1588,272,6,0.506,430,233,1,Full
2024,0,377,1538,371,6,0.506,430,233,1,Full
2025,0,378,1453,497,6,0.506,430,233,1,Full
2026,0,379,1549,503,6,0.506,430,233,1,Full
2027,0,380,180,558,6,0.506,430,233,1,Full
2028,0,381,574,681,6,0.506,430,233,1,Full
2029,0,382,1113,789,6,0.506,430,233,1,Full
2030,0,383,87,826,6,0.506,430,233,1,Full
2031,0,384,1980,836,6,0.506,430,233,1,Full
2032,0,385,1991,995,6,0.506,430,233,1,Full
2033,0,386,1429,1003,6,0.506,430,233,1,Full
2034,0,387,974,1212,6,0.506,430,233,1,Full
2035,0,388,1944,1286,6,0.506,430,233,1,Full
2036,0,389,1494,1332,6,0.506,430,233,1,Full
2037,0,390,116,1461,6,0.506,430,233,1,Full
2038,0,391,1854,1533,6,0.506,430,233,1,Full
2039,0,392,1973,1568,6,0.506,430,233,1,Full
2040,0,393,1561,1742,6,0.506,430,233,1,Full
2041,0,394,1772,1743,6,0.506,430,233,1,Full
2042,0,395,369,2029,6,0.506,430,233,1,Full
2043,0,396,980,130,7,0.502,430,233,1,Full
2044,0,397,1882,23,8,0.502,430,233,1,Full
2045,0,398,303,120,6,0.502,430,233,1,Full
2046,0,399,831,257,6,0.502,430,233,1,Full
2047,0,400,1245,56,8,0.502,430,233,1,Full
2048,0,401,1007,302,6,0.502,430,233,1,Full
2049,0,402,1951,263,7,0.502,430,233,1,Full
2050,0,403,141,592,7,0.502,430,233,1,Full
2051,0,404,1648,171,8,0.502,430,233,1,Full
2052,0,405,420,846,7,0.502,430,233,1,Full
2053,0,406,1572,329,6,0.502,430,233,1,Full
2054,0,407,151,376,6,0.502,430,233,1,Full
2055,0,408,241,1013,7,0.502,430,233,1,Full
2056,0,409,353,869,8,0.502,430,233,1,Full
2057,0,410,23,499,6,0.502,430,233,1,Full
2058,0,411,679,1383,8,0.502,430,233,1,Full
2059,0,412,251,501,6,0.502,430,233,1,Full
2060,0,413,858,1392,7,0.502,430,233,1,Full
2061,0,414,477,1486,7,0.502,430,233,1,Full
2062,0,415,1048,502,6,0.502,430,233,1,Full
2063,0,416,648,514,6,0.502,430,233,1,Full
2064,0,417,1006,565,6,0.502,430,233,1,Full
2065,0,418,255,615,6,0.502,430,233,1,Full
2066,0,419,2028,703,6,0.502,430,233,1,Full
2067,0,420,1453,710,6,0.502,430,233,1,Full
2068,0,421,351,770,6,0.502,430,233,1,Full
2069,0,422,421,853,6,0.502,430,233,1,Full
2070,0,423,1185,854,6,0.502,430,233,1,Full
2071,0,424,501,998,6,0.502,430,233,1,Full
2072,0,425,265,999,6,0.502,430,233,1,Full
2073,0,426,1613,1097,6,0.502,430,233,1,Full
2074,0,427,748,1396,6,0.502,430,233,1,Full
2075,0,428,1501,1666,6,0.502,430,233,1,Full
2076,0,429,1742,1753,6,0.502,430,233,1,Full
2077,0,430,1849,1939,6,0.502,430,233,1,Full
